,date,density,location_id,project_id,quantity,sample
0,2017-04-02,1.6786,Aare_Bern_CaveltiN,SLR,47,1.0
1,2017-05-06,1.5357,Aare_Bern_CaveltiN,SLR,43,2.0
2,2017-04-14,1.7303,Aare_bern_gerberm,SLR,154,1.0
3,2017-05-21,0.2247,Aare_bern_gerberm,SLR,20,2.0
4,2017-06-26,0.7978,Aare_bern_gerberm,SLR,71,3.0
5,2017-07-31,1.2584,Aare_bern_gerberm,SLR,112,4.0
6,2017-08-29,1.9663,Aare_bern_gerberm,SLR,175,5.0
7,2017-09-26,2.3258,Aare_bern_gerberm,SLR,207,6.0
8,2017-10-31,1.2135,Aare_bern_gerberm,SLR,108,7.0
9,2017-11-17,0.7416,Aare_bern_gerberm,SLR,66,8.0
10,2017-12-26,1.0787,Aare_bern_gerberm,SLR,96,9.0
11,2018-01-27,2.1011,Aare_bern_gerberm,SLR,187,10.0
12,2018-03-31,1.427,Aare_bern_gerberm,SLR,127,11.0
13,2017-04-02,0.0217,aare_bern_scheurerk,SLR,2,1.0
14,2017-07-09,0.8696,aare_bern_scheurerk,SLR,80,2.0
15,2017-09-15,0.2826,aare_bern_scheurerk,SLR,26,3.0
16,2017-10-21,0.1413,aare_bern_scheurerk,SLR,13,4.0
17,2017-11-16,0.3804,aare_bern_scheurerk,SLR,35,5.0
18,2018-03-15,0.3804,aare_bern_scheurerk,SLR,35,6.0
19,2017-04-12,2.45,Aare_Brugg_BuchiE,SLR,49,1.0
20,2017-05-08,2.2,Aare_Brugg_BuchiE,SLR,44,2.0
21,2017-06-13,1.2,Aare_Brugg_BuchiE,SLR,24,3.0
22,2017-07-20,2.5,Aare_Brugg_BuchiE,SLR,50,4.0
23,2017-08-26,3.45,Aare_Brugg_BuchiE,SLR,69,5.0
24,2017-09-25,1.1,Aare_Brugg_BuchiE,SLR,22,6.0
25,2017-10-31,0.2,Aare_Brugg_BuchiE,SLR,4,7.0
26,2017-11-27,0.15,Aare_Brugg_BuchiE,SLR,3,8.0
27,2017-12-28,0.4,Aare_Brugg_BuchiE,SLR,8,9.0
28,2018-02-04,0.25,Aare_Brugg_BuchiE,SLR,5,10.0
29,2018-03-31,0.85,Aare_Brugg_BuchiE,SLR,17,11.0
30,2017-04-29,0.2105,Aare_Elfenau_cataldiv,SLR,4,1.0
31,2017-05-20,0.1579,Aare_Elfenau_cataldiv,SLR,3,2.0
32,2017-06-29,3.8421,Aare_Elfenau_cataldiv,SLR,73,3.0
33,2017-07-23,0.3684,Aare_Elfenau_cataldiv,SLR,7,4.0
34,2017-09-09,5.4211,Aare_Elfenau_cataldiv,SLR,103,5.0
35,2018-01-06,0.1053,Aare_Elfenau_cataldiv,SLR,2,6.0
36,2017-04-07,0.1739,aare_kehrsatz_stolten,SLR,8,1.0
37,2017-05-03,0.1957,aare_kehrsatz_stolten,SLR,9,2.0
38,2017-06-14,0.1957,aare_kehrsatz_stolten,SLR,9,3.0
39,2017-07-03,0.1087,aare_kehrsatz_stolten,SLR,5,4.0
40,2017-08-25,0.1087,aare_kehrsatz_stolten,SLR,5,5.0
41,2017-09-21,0.1957,aare_kehrsatz_stolten,SLR,9,6.0
42,2017-10-16,0.0435,aare_kehrsatz_stolten,SLR,2,7.0
43,2017-11-08,0.1522,aare_kehrsatz_stolten,SLR,7,8.0
44,2018-01-17,0.0652,aare_kehrsatz_stolten,SLR,3,9.0
45,2018-02-28,0.0217,aare_kehrsatz_stolten,SLR,1,10.0
46,2018-03-15,0.0435,aare_kehrsatz_stolten,SLR,2,11.0
47,2017-04-23,1.6818,aare_köniz_hoppej,SLR,37,1.0
48,2017-06-28,7.9091,aare_köniz_hoppej,SLR,174,2.0
49,2017-07-24,4.8182,aare_köniz_hoppej,SLR,106,3.0
50,2017-08-28,4.8636,aare_köniz_hoppej,SLR,107,4.0
51,2017-09-25,6.0455,aare_köniz_hoppej,SLR,133,5.0
52,2017-10-23,1.4545,aare_köniz_hoppej,SLR,32,6.0
53,2017-11-20,0.7273,aare_köniz_hoppej,SLR,16,7.0
54,2017-12-25,2.1364,aare_köniz_hoppej,SLR,47,8.0
55,2018-01-24,1.7273,aare_köniz_hoppej,SLR,38,9.0
56,2018-02-19,1.0909,aare_köniz_hoppej,SLR,24,10.0
57,2018-03-26,1.4091,aare_köniz_hoppej,SLR,31,11.0
58,2017-04-13,0.4783,aare_rupperswil_badert,SLR,22,1.0
59,2017-05-05,0.2826,aare_rupperswil_badert,SLR,13,2.0
60,2017-06-23,0.2826,aare_rupperswil_badert,SLR,13,3.0
61,2017-07-14,0.2826,aare_rupperswil_badert,SLR,13,4.0
62,2017-08-18,0.1522,aare_rupperswil_badert,SLR,7,5.0
63,2017-09-15,0.1087,aare_rupperswil_badert,SLR,5,6.0
64,2017-10-13,0.2174,aare_rupperswil_badert,SLR,10,7.0
65,2017-11-10,0.087,aare_rupperswil_badert,SLR,4,8.0
66,2017-12-24,0.0217,aare_rupperswil_badert,SLR,1,9.0
67,2018-01-20,0.0217,aare_rupperswil_badert,SLR,1,10.0
68,2018-02-10,0.0435,aare_rupperswil_badert,SLR,2,11.0
69,2017-04-21,0.3514,aare_solothurn_nguyena,SLR,13,1.0
70,2017-05-10,0.7297,aare_solothurn_nguyena,SLR,27,2.0
71,2017-07-23,1.3243,aare_solothurn_nguyena,SLR,49,3.0
72,2017-04-13,2.5091,aare_suhrespitz_badert,SLR,138,1.0
73,2017-05-05,1.1091,aare_suhrespitz_badert,SLR,61,2.0
74,2017-06-23,2.2182,aare_suhrespitz_badert,SLR,122,3.0
75,2017-07-14,1.8,aare_suhrespitz_badert,SLR,99,4.0
76,2017-08-18,1.4727,aare_suhrespitz_badert,SLR,81,5.0
77,2017-09-15,1.1818,aare_suhrespitz_badert,SLR,65,6.0
78,2017-10-13,1.9091,aare_suhrespitz_badert,SLR,105,7.0
79,2017-11-10,0.9273,aare_suhrespitz_badert,SLR,51,8.0
80,2017-12-23,0.6364,aare_suhrespitz_badert,SLR,35,9.0
81,2018-01-20,0.4364,aare_suhrespitz_badert,SLR,24,10.0
82,2018-02-10,0.5091,aare_suhrespitz_badert,SLR,28,11.0
83,2018-03-24,3.1455,aare_suhrespitz_badert,SLR,173,12.0
84,2017-04-02,0.5,aarezufluss_bern_scheurerk,SLR,9,1.0
85,2017-07-09,0.0556,aarezufluss_bern_scheurerk,SLR,1,2.0
86,2017-09-15,0.5,aarezufluss_bern_scheurerk,SLR,9,3.0
87,2017-11-19,0.8333,aarezufluss_bern_scheurerk,SLR,15,4.0
88,2018-02-13,0.2778,aarezufluss_bern_scheurerk,SLR,5,5.0
89,2017-04-17,2.875,arve_carouge_battistellak,SLR,161,1.0
90,2017-05-25,1.6786,arve_carouge_battistellak,SLR,94,2.0
91,2017-06-27,4.1786,arve_carouge_battistellak,SLR,234,3.0
92,2017-07-31,2.25,arve_carouge_battistellak,SLR,126,4.0
93,2017-08-28,1.6786,arve_carouge_battistellak,SLR,94,5.0
94,2017-09-30,3.0,arve_carouge_battistellak,SLR,168,6.0
95,2017-10-31,0.7143,arve_carouge_battistellak,SLR,40,7.0
96,2018-03-18,6.7679,arve_carouge_battistellak,SLR,379,8.0
97,2017-04-08,1.28,Berlingen swisslitterreport,SLR,256,1.0
98,2017-04-22,3.0,Bielersee_Vinelz_FankhauserS,SLR,105,1.0
99,2017-05-27,3.1429,Bielersee_Vinelz_FankhauserS,SLR,110,2.0
100,2017-06-30,3.7429,Bielersee_Vinelz_FankhauserS,SLR,131,3.0
101,2017-07-29,1.3429,Bielersee_Vinelz_FankhauserS,SLR,47,4.0
102,2017-08-26,2.6286,Bielersee_Vinelz_FankhauserS,SLR,92,5.0
103,2017-09-29,1.6286,Bielersee_Vinelz_FankhauserS,SLR,57,6.0
104,2017-10-29,1.0286,Bielersee_Vinelz_FankhauserS,SLR,36,7.0
105,2017-11-30,5.4571,Bielersee_Vinelz_FankhauserS,SLR,191,8.0
106,2017-12-30,3.3429,Bielersee_Vinelz_FankhauserS,SLR,117,9.0
107,2018-01-31,4.1714,Bielersee_Vinelz_FankhauserS,SLR,146,10.0
108,2018-03-31,3.0286,Bielersee_Vinelz_FankhauserS,SLR,106,11.0
109,2017-04-15,3.5588,Birs_Basel_GrunerN,SLR,121,1.0
110,2017-05-21,2.2059,Birs_Basel_GrunerN,SLR,75,2.0
111,2017-10-29,5.7059,Birs_Basel_GrunerN,SLR,194,3.0
112,2017-04-29,1.4286,Birs_basel_läderachs,SLR,40,1.0
113,2017-05-28,3.6786,Birs_basel_läderachs,SLR,103,2.0
114,2017-06-30,2.3929,Birs_basel_läderachs,SLR,67,3.0
115,2017-07-31,3.3214,Birs_basel_läderachs,SLR,93,4.0
116,2017-09-30,2.25,Birs_basel_läderachs,SLR,63,5.0
117,2017-12-30,0.7143,Birs_basel_läderachs,SLR,20,6.0
118,2018-02-28,0.5,Birs_basel_läderachs,SLR,14,7.0
119,2018-03-24,1.1071,Birs_basel_läderachs,SLR,31,8.0
120,2017-04-18,4.9444,Birs_Reinach_DiNucciN,SLR,178,1.0
121,2017-05-29,3.8333,Birs_Reinach_DiNucciN,SLR,138,2.0
122,2017-08-25,1.8333,Birs_Reinach_DiNucciN,SLR,66,3.0
123,2017-12-27,2.1111,Birs_Reinach_DiNucciN,SLR,76,4.0
124,2018-01-31,1.9722,Birs_Reinach_DiNucciN,SLR,71,5.0
125,2018-03-29,0.5833,Birs_Reinach_DiNucciN,SLR,21,6.0
126,2017-04-22,7.44,Birsköpfli Rusco,SLR,372,1.0
127,2017-05-21,6.0,Birsköpfli Rusco,SLR,300,2.0
128,2017-06-26,16.06,Birsköpfli Rusco,SLR,803,3.0
129,2017-07-25,6.62,Birsköpfli Rusco,SLR,331,4.0
130,2017-08-29,10.16,Birsköpfli Rusco,SLR,508,5.0
131,2017-10-03,1.14,Birsköpfli Rusco,SLR,57,6.0
132,2017-11-05,0.66,Birsköpfli Rusco,SLR,33,7.0
133,2017-12-03,1.12,Birsköpfli Rusco,SLR,56,8.0
134,2018-02-11,3.56,Birsköpfli Rusco,SLR,178,9.0
135,2018-03-08,1.98,Birsköpfli Rusco,SLR,99,10.0
136,2017-04-05,14.05,bodensee_altenrhein_caluoria,SLR,281,1.0
137,2017-04-05,1.5667,Bodensee_Arbon_MösliS,SLR,47,1.0
138,2017-05-09,0.7,Bodensee_Arbon_MösliS,SLR,21,2.0
139,2017-06-23,1.0667,Bodensee_Arbon_MösliS,SLR,32,3.0
140,2017-08-29,0.6667,Bodensee_Arbon_MösliS,SLR,20,4.0
141,2017-09-27,0.9333,Bodensee_Arbon_MösliS,SLR,28,5.0
142,2017-10-04,0.5,Bodensee_Arbon_MösliS,SLR,15,6.0
143,2017-11-15,1.1333,Bodensee_Arbon_MösliS,SLR,34,7.0
144,2017-12-27,0.5667,Bodensee_Arbon_MösliS,SLR,17,8.0
145,2018-01-31,0.7333,Bodensee_Arbon_MösliS,SLR,22,9.0
146,2018-02-28,0.3667,Bodensee_Arbon_MösliS,SLR,11,10.0
147,2018-03-24,0.3667,Bodensee_Arbon_MösliS,SLR,11,11.0
148,2017-04-30,13.4,bodensee_horn_huberm,SLR,201,1.0
149,2017-04-22,1.3587,Bodensee_Steinach_Dolder_A,SLR,125,1.0
150,2017-05-29,1.7283,Bodensee_Steinach_Dolder_A,SLR,159,2.0
151,2017-06-29,2.0761,Bodensee_Steinach_Dolder_A,SLR,191,3.0
152,2017-07-31,1.5978,Bodensee_Steinach_Dolder_A,SLR,147,4.0
153,2017-08-30,2.8152,Bodensee_Steinach_Dolder_A,SLR,259,5.0
154,2017-09-30,1.5109,Bodensee_Steinach_Dolder_A,SLR,139,6.0
155,2017-10-27,1.25,Bodensee_Steinach_Dolder_A,SLR,115,7.0
156,2017-11-26,1.8804,Bodensee_Steinach_Dolder_A,SLR,173,8.0
157,2017-12-29,1.7174,Bodensee_Steinach_Dolder_A,SLR,158,9.0
158,2018-01-26,1.3696,Bodensee_Steinach_Dolder_A,SLR,126,10.0
159,2018-02-28,2.0435,Bodensee_Steinach_Dolder_A,SLR,188,11.0
160,2018-03-24,3.1304,Bodensee_Steinach_Dolder_A,SLR,288,12.0
161,2017-10-29,0.4375,bodensee_thal_schlachterj_1,SLR,14,1.0
162,2017-11-30,0.9688,bodensee_thal_schlachterj_1,SLR,31,2.0
163,2017-12-29,0.625,bodensee_thal_schlachterj_1,SLR,20,3.0
164,2017-04-04,1.6863,chriesbach_duebendorf_schneidera,SLR,86,1.0
165,2017-05-11,1.5294,chriesbach_duebendorf_schneidera,SLR,78,2.0
166,2017-06-13,0.451,chriesbach_duebendorf_schneidera,SLR,23,3.0
167,2017-07-11,1.1569,chriesbach_duebendorf_schneidera,SLR,59,4.0
168,2017-08-16,0.2549,chriesbach_duebendorf_schneidera,SLR,13,5.0
169,2017-09-19,0.1373,chriesbach_duebendorf_schneidera,SLR,7,6.0
170,2017-10-05,0.3137,chriesbach_duebendorf_schneidera,SLR,16,7.0
171,2017-11-15,0.3922,chriesbach_duebendorf_schneidera,SLR,20,8.0
172,2017-12-06,0.3725,chriesbach_duebendorf_schneidera,SLR,19,9.0
173,2018-01-08,1.5098,chriesbach_duebendorf_schneidera,SLR,77,10.0
174,2018-02-05,1.9412,chriesbach_duebendorf_schneidera,SLR,99,11.0
175,2018-03-09,1.2549,chriesbach_duebendorf_schneidera,SLR,64,12.0
176,2017-04-28,0.5333,emme_biberist_jennim,SLR,8,1.0
177,2017-05-19,0.6667,emme_biberist_jennim,SLR,10,2.0
178,2017-06-04,3.3333,emme_biberist_jennim,SLR,50,3.0
179,2017-07-04,1.4667,emme_biberist_jennim,SLR,22,4.0
180,2017-08-07,1.9333,emme_biberist_jennim,SLR,29,5.0
181,2017-09-08,1.8,emme_biberist_jennim,SLR,27,6.0
182,2017-10-18,1.3333,emme_biberist_jennim,SLR,20,7.0
183,2017-11-16,0.8,emme_biberist_jennim,SLR,12,8.0
184,2017-12-14,0.6,emme_biberist_jennim,SLR,9,9.0
185,2018-01-11,0.9333,emme_biberist_jennim,SLR,14,10.0
186,2018-02-02,1.0,emme_biberist_jennim,SLR,15,11.0
187,2018-03-08,0.8667,emme_biberist_jennim,SLR,13,12.0
188,2017-04-10,0.4198,emme_luterbach_huggenbergerk,SLR,68,1.0
189,2017-05-11,0.0741,emme_luterbach_huggenbergerk,SLR,12,2.0
190,2017-06-28,0.5123,emme_luterbach_huggenbergerk,SLR,83,3.0
191,2017-07-29,0.0741,emme_luterbach_huggenbergerk,SLR,12,4.0
192,2017-08-30,0.2099,emme_luterbach_huggenbergerk,SLR,34,5.0
193,2017-09-30,0.1235,emme_luterbach_huggenbergerk,SLR,20,6.0
194,2017-10-30,0.0062,emme_luterbach_huggenbergerk,SLR,1,7.0
195,2017-04-13,1.2222,Emme_Utzenstorf_Grüttert,SLR,11,1.0
196,2017-05-02,0.4444,Emme_Utzenstorf_Grüttert,SLR,4,2.0
197,2017-07-21,0.6667,Emme_Utzenstorf_Grüttert,SLR,6,3.0
198,2017-08-30,0.5556,Emme_Utzenstorf_Grüttert,SLR,5,4.0
199,2017-11-30,0.2222,Emme_Utzenstorf_Grüttert,SLR,2,5.0
200,2018-01-30,0.4444,Emme_Utzenstorf_Grüttert,SLR,4,6.0
201,2018-02-27,0.3333,Emme_Utzenstorf_Grüttert,SLR,3,7.0
202,2018-03-27,0.6667,Emme_Utzenstorf_Grüttert,SLR,6,8.0
203,2017-05-21,2.3333,glatt_oerlikon_covosN,SLR,14,1.0
204,2017-07-09,1.6667,glatt_oerlikon_covosN,SLR,10,2.0
205,2017-08-30,0.1667,glatt_oerlikon_covosN,SLR,1,3.0
206,2017-10-15,2.1667,glatt_oerlikon_covosN,SLR,13,4.0
207,2018-01-21,1.8333,glatt_oerlikon_covosN,SLR,11,5.0
208,2018-02-25,1.8333,glatt_oerlikon_covosN,SLR,11,6.0
209,2018-03-24,1.6667,glatt_oerlikon_covosN,SLR,10,7.0
210,2017-10-29,0.4211,goldach_goldach_schlachterj,SLR,8,1.0
211,2017-11-30,0.1579,goldach_goldach_schlachterj,SLR,3,2.0
212,2017-12-29,0.3158,goldach_goldach_schlachterj,SLR,6,3.0
213,2017-04-05,2.3684,greifensee_fällanden_meistery,SLR,135,1.0
214,2017-05-08,2.0175,greifensee_fällanden_meistery,SLR,115,2.0
215,2017-06-06,2.7368,greifensee_fällanden_meistery,SLR,156,3.0
216,2017-07-05,1.7018,greifensee_fällanden_meistery,SLR,97,4.0
217,2017-08-21,1.193,greifensee_fällanden_meistery,SLR,68,5.0
218,2017-04-29,1.6296,greifensee_fällanden_simmenc,SLR,220,1.0
219,2017-04-30,7.2075,greifensee_greifensee_simmenc,SLR,382,1.0
220,2017-05-30,37.9811,greifensee_greifensee_simmenc,SLR,2013,2.0
221,2017-06-29,15.1887,greifensee_greifensee_simmenc,SLR,805,3.0
222,2017-08-02,16.4906,greifensee_greifensee_simmenc,SLR,874,4.0
223,2017-10-05,7.3774,greifensee_greifensee_simmenc,SLR,391,5.0
224,2017-12-31,5.3208,greifensee_greifensee_simmenc,SLR,282,6.0
225,2018-01-31,6.6604,greifensee_greifensee_simmenc,SLR,353,7.0
226,2018-02-28,4.8491,greifensee_greifensee_simmenc,SLR,257,8.0
227,2018-03-31,4.9245,greifensee_greifensee_simmenc,SLR,261,9.0
228,2017-04-29,0.9302,greifensee_maur_simmenc,SLR,40,1.0
229,2017-05-31,3.6977,greifensee_maur_simmenc,SLR,159,2.0
230,2017-06-30,3.1395,greifensee_maur_simmenc,SLR,135,3.0
231,2017-04-21,2.08,greifensee_uster_fischerb_ 2,SLR,52,1.0
232,2017-05-28,2.4,greifensee_uster_fischerb_ 2,SLR,60,2.0
233,2017-06-19,3.44,greifensee_uster_fischerb_ 2,SLR,86,3.0
234,2017-07-24,6.04,greifensee_uster_fischerb_ 2,SLR,151,4.0
235,2017-08-30,0.56,greifensee_uster_fischerb_ 2,SLR,14,5.0
236,2017-09-25,1.28,greifensee_uster_fischerb_ 2,SLR,32,6.0
237,2017-10-19,0.84,greifensee_uster_fischerb_ 2,SLR,21,7.0
238,2018-03-31,0.64,greifensee_uster_fischerb_ 2,SLR,16,8.0
239,2017-04-21,1.8056,greifensee_uster_fischerb_1,SLR,65,1.0
240,2017-05-28,1.0556,greifensee_uster_fischerb_1,SLR,38,2.0
241,2017-06-19,3.0833,greifensee_uster_fischerb_1,SLR,111,3.0
242,2017-07-24,7.0833,greifensee_uster_fischerb_1,SLR,255,4.0
243,2017-08-30,1.1389,greifensee_uster_fischerb_1,SLR,41,5.0
244,2017-09-25,0.25,greifensee_uster_fischerb_1,SLR,9,6.0
245,2017-10-19,0.8056,greifensee_uster_fischerb_1,SLR,29,7.0
246,2018-03-31,1.6111,greifensee_uster_fischerb_1,SLR,58,8.0
247,2017-04-09,0.8571,Grendelbach_Effretikon_DamboneC,SLR,12,1.0
248,2017-05-08,2.5,Grendelbach_Effretikon_DamboneC,SLR,35,2.0
249,2017-06-12,1.2857,Grendelbach_Effretikon_DamboneC,SLR,18,3.0
250,2017-07-03,0.7143,Grendelbach_Effretikon_DamboneC,SLR,10,4.0
251,2017-04-14,0.6486,Inn_Pradella_KohlT,SLR,48,1.0
252,2017-05-23,0.0541,Inn_Pradella_KohlT,SLR,4,2.0
253,2017-06-18,0.0541,Inn_Pradella_KohlT,SLR,4,3.0
254,2017-07-20,0.2973,Inn_Pradella_KohlT,SLR,22,4.0
255,2017-08-20,0.0811,Inn_Pradella_KohlT,SLR,6,5.0
256,2017-09-15,0.027,Inn_Pradella_KohlT,SLR,2,6.0
257,2017-10-20,0.0541,Inn_Pradella_KohlT,SLR,4,7.0
258,2017-04-03,1.3333,jona_tann_nusslin,SLR,16,1.0
259,2017-05-12,2.1667,jona_tann_nusslin,SLR,26,2.0
260,2017-06-25,4.0,jona_tann_nusslin,SLR,48,3.0
261,2017-07-15,3.1667,jona_tann_nusslin,SLR,38,4.0
262,2017-08-22,5.4167,jona_tann_nusslin,SLR,65,5.0
263,2017-09-30,2.4167,jona_tann_nusslin,SLR,29,6.0
264,2017-10-29,0.5,jona_tann_nusslin,SLR,6,7.0
265,2017-11-30,1.5833,jona_tann_nusslin,SLR,19,8.0
266,2017-12-31,1.3333,jona_tann_nusslin,SLR,16,9.0
267,2018-01-31,1.5,jona_tann_nusslin,SLR,18,10.0
268,2018-02-22,0.6667,jona_tann_nusslin,SLR,8,11.0
269,2018-03-22,0.5833,jona_tann_nusslin,SLR,7,12.0
270,2017-04-30,0.0707,katzenbach_zuerich_sanesim,SLR,7,1.0
271,2017-05-25,0.0909,katzenbach_zuerich_sanesim,SLR,9,2.0
272,2017-06-29,0.0707,katzenbach_zuerich_sanesim,SLR,7,3.0
273,2017-07-18,0.1717,katzenbach_zuerich_sanesim,SLR,17,4.0
274,2017-08-21,0.1414,katzenbach_zuerich_sanesim,SLR,14,5.0
275,2017-09-28,0.1515,katzenbach_zuerich_sanesim,SLR,15,6.0
276,2017-10-31,0.1414,katzenbach_zuerich_sanesim,SLR,14,7.0
277,2017-11-29,0.1515,katzenbach_zuerich_sanesim,SLR,15,8.0
278,2017-12-31,0.0909,katzenbach_zuerich_sanesim,SLR,9,9.0
279,2018-01-24,0.0202,katzenbach_zuerich_sanesim,SLR,2,10.0
280,2018-02-28,0.1212,katzenbach_zuerich_sanesim,SLR,12,11.0
281,2018-03-24,0.0808,katzenbach_zuerich_sanesim,SLR,8,12.0
282,2017-04-04,2.8571,katzensee_regensdorfzuerichaffoltern_stueberj,SLR,180,1.0
283,2017-05-03,3.9206,katzensee_regensdorfzuerichaffoltern_stueberj,SLR,247,2.0
284,2017-06-06,1.4603,katzensee_regensdorfzuerichaffoltern_stueberj,SLR,92,3.0
285,2017-07-05,1.3968,katzensee_regensdorfzuerichaffoltern_stueberj,SLR,88,4.0
286,2017-08-15,1.1587,katzensee_regensdorfzuerichaffoltern_stueberj,SLR,73,5.0
287,2017-09-07,1.3651,katzensee_regensdorfzuerichaffoltern_stueberj,SLR,86,6.0
288,2017-10-05,1.9365,katzensee_regensdorfzuerichaffoltern_stueberj,SLR,122,7.0
289,2017-11-06,1.4762,katzensee_regensdorfzuerichaffoltern_stueberj,SLR,93,8.0
290,2017-12-08,1.0,katzensee_regensdorfzuerichaffoltern_stueberj,SLR,63,9.0
291,2018-01-09,1.6508,katzensee_regensdorfzuerichaffoltern_stueberj,SLR,104,10.0
292,2018-02-10,1.3333,katzensee_regensdorfzuerichaffoltern_stueberj,SLR,84,11.0
293,2018-03-08,1.4444,katzensee_regensdorfzuerichaffoltern_stueberj,SLR,91,12.0
294,2017-05-25,13.8571,lacléman_gland_kubela,SLR,97,1.0
295,2017-06-28,6.8571,lacléman_gland_kubela,SLR,48,2.0
296,2017-07-25,6.2857,lacléman_gland_kubela,SLR,44,3.0
297,2017-08-29,4.0,lacléman_gland_kubela,SLR,28,4.0
298,2017-09-28,5.8571,lacléman_gland_kubela,SLR,41,5.0
299,2017-10-26,1.0,lacléman_gland_kubela,SLR,7,6.0
300,2017-11-28,5.2857,lacléman_gland_kubela,SLR,37,7.0
301,2017-12-16,2.7143,lacléman_gland_kubela,SLR,19,8.0
302,2018-01-19,3.4286,lacléman_gland_kubela,SLR,24,9.0
303,2018-02-19,0.7143,lacléman_gland_kubela,SLR,5,10.0
304,2018-03-18,32.0,lacléman_gland_kubela,SLR,224,11.0
305,2017-07-11,0.5765,Lacléman_Gland_LecoanetS,SLR,49,1.0
306,2017-08-07,1.2824,Lacléman_Gland_LecoanetS,SLR,109,2.0
307,2017-09-12,0.7765,Lacléman_Gland_LecoanetS,SLR,66,3.0
308,2017-10-10,0.8118,Lacléman_Gland_LecoanetS,SLR,69,4.0
309,2017-11-17,1.0235,Lacléman_Gland_LecoanetS,SLR,87,5.0
310,2017-12-16,0.3176,Lacléman_Gland_LecoanetS,SLR,27,6.0
311,2018-01-19,0.2471,Lacléman_Gland_LecoanetS,SLR,21,7.0
312,2018-02-19,0.1176,Lacléman_Gland_LecoanetS,SLR,10,8.0
313,2018-03-18,3.9765,Lacléman_Gland_LecoanetS,SLR,338,9.0
314,2017-05-19,28.4333,LacLéman_La Tour-de-Peilz_bain des dames_Hammerdirt,SLR,853,1.0
315,2017-04-30,11.7407,lacléman_vidy_santie,SLR,317,1.0
316,2017-05-23,18.5926,lacléman_vidy_santie,SLR,502,2.0
317,2017-06-16,13.7037,lacléman_vidy_santie,SLR,370,3.0
318,2017-07-21,8.5556,lacléman_vidy_santie,SLR,231,4.0
319,2017-08-25,10.0741,lacléman_vidy_santie,SLR,272,5.0
320,2017-09-26,6.2222,lacléman_vidy_santie,SLR,168,6.0
321,2017-10-24,4.0,lacléman_vidy_santie,SLR,108,7.0
322,2017-11-17,2.8889,lacléman_vidy_santie,SLR,78,8.0
323,2017-12-26,3.3333,lacléman_vidy_santie,SLR,90,9.0
324,2018-01-23,6.4815,lacléman_vidy_santie,SLR,175,10.0
325,2018-02-26,7.6667,lacléman_vidy_santie,SLR,207,11.0
326,2018-03-26,9.2222,lacléman_vidy_santie,SLR,249,12.0
327,2017-04-24,4.3571,langete_langenthal_geiserm,SLR,61,1.0
328,2017-05-24,1.9286,langete_langenthal_geiserm,SLR,27,2.0
329,2017-06-22,2.0,langete_langenthal_geiserm,SLR,28,3.0
330,2017-07-24,2.8571,langete_langenthal_geiserm,SLR,40,4.0
331,2017-08-21,2.0714,langete_langenthal_geiserm,SLR,29,5.0
332,2017-09-21,1.2143,langete_langenthal_geiserm,SLR,17,6.0
333,2017-10-25,0.8571,langete_langenthal_geiserm,SLR,12,7.0
334,2017-11-22,1.5714,langete_langenthal_geiserm,SLR,22,8.0
335,2018-01-30,1.3571,langete_langenthal_geiserm,SLR,19,9.0
336,2018-02-27,1.7143,langete_langenthal_geiserm,SLR,24,10.0
337,2018-03-30,1.5714,langete_langenthal_geiserm,SLR,22,11.0
338,2017-05-27,2.4677,limmat_dietikon_keiserp,SLR,153,1.0
339,2017-06-26,3.7903,limmat_dietikon_keiserp,SLR,235,2.0
340,2017-08-03,1.5645,limmat_dietikon_keiserp,SLR,97,3.0
341,2017-09-30,0.5806,limmat_dietikon_keiserp,SLR,36,4.0
342,2017-10-28,0.6452,limmat_dietikon_keiserp,SLR,40,5.0
343,2017-11-27,0.5,limmat_dietikon_keiserp,SLR,31,6.0
344,2017-12-29,0.5645,limmat_dietikon_keiserp,SLR,35,7.0
345,2018-01-29,0.8065,limmat_dietikon_keiserp,SLR,50,8.0
346,2018-03-29,1.4839,limmat_dietikon_keiserp,SLR,92,9.0
347,2017-04-23,1.2143,Limmat_Unterengstringen_OggierBührer,SLR,34,1.0
348,2017-05-09,0.9286,Limmat_Unterengstringen_OggierBührer,SLR,26,2.0
349,2017-06-14,0.8929,Limmat_Unterengstringen_OggierBührer,SLR,25,3.0
350,2017-07-15,1.1786,Limmat_Unterengstringen_OggierBührer,SLR,33,4.0
351,2017-08-09,1.2143,Limmat_Unterengstringen_OggierBührer,SLR,34,5.0
352,2017-09-24,0.6071,Limmat_Unterengstringen_OggierBührer,SLR,17,6.0
353,2017-10-16,0.2857,Limmat_Unterengstringen_OggierBührer,SLR,8,7.0
354,2017-11-30,0.1071,Limmat_Unterengstringen_OggierBührer,SLR,3,8.0
355,2017-12-27,1.1071,Limmat_Unterengstringen_OggierBührer,SLR,31,9.0
356,2018-01-19,0.8214,Limmat_Unterengstringen_OggierBührer,SLR,23,10.0
357,2018-02-14,0.25,Limmat_Unterengstringen_OggierBührer,SLR,7,11.0
358,2018-03-07,0.9643,Limmat_Unterengstringen_OggierBührer,SLR,27,12.0
359,2017-04-13,0.5926,Limmat_Zuerich_JansenA,SLR,32,1.0
360,2017-05-11,0.2407,Limmat_Zuerich_JansenA,SLR,13,2.0
361,2017-06-15,0.8148,Limmat_Zuerich_JansenA,SLR,44,3.0
362,2017-07-13,0.6481,Limmat_Zuerich_JansenA,SLR,35,4.0
363,2017-08-17,1.2037,Limmat_Zuerich_JansenA,SLR,65,5.0
364,2017-09-07,0.2037,Limmat_Zuerich_JansenA,SLR,11,6.0
365,2017-10-11,0.1481,Limmat_Zuerich_JansenA,SLR,8,7.0
366,2017-11-16,0.0185,Limmat_Zuerich_JansenA,SLR,1,8.0
367,2017-12-14,0.1296,Limmat_Zuerich_JansenA,SLR,7,9.0
368,2018-01-17,0.037,Limmat_Zuerich_JansenA,SLR,2,10.0
369,2018-03-15,0.1111,Limmat_Zuerich_JansenA,SLR,6,11.0
370,2017-04-10,2.9762,limmat_zuerich_suterd&glauserp,SLR,125,1.0
371,2017-05-16,0.5238,limmat_zuerich_suterd&glauserp,SLR,22,2.0
372,2017-06-14,3.5238,limmat_zuerich_suterd&glauserp,SLR,148,3.0
373,2017-07-12,4.6905,limmat_zuerich_suterd&glauserp,SLR,197,4.0
374,2017-08-21,1.5476,limmat_zuerich_suterd&glauserp,SLR,65,5.0
375,2017-09-26,0.5714,limmat_zuerich_suterd&glauserp,SLR,24,6.0
376,2017-10-18,0.5,limmat_zuerich_suterd&glauserp,SLR,21,7.0
377,2017-11-23,0.2381,limmat_zuerich_suterd&glauserp,SLR,10,8.0
378,2017-12-21,0.1429,limmat_zuerich_suterd&glauserp,SLR,6,9.0
379,2018-02-24,0.4762,limmat_zuerich_suterd&glauserp,SLR,20,10.0
380,2018-03-24,1.1429,limmat_zuerich_suterd&glauserp,SLR,48,11.0
381,2017-04-30,0.5143,Limmat_Zuerich_WagnerC,SLR,18,1.0
382,2017-05-30,1.0857,Limmat_Zuerich_WagnerC,SLR,38,2.0
383,2017-06-30,1.6857,Limmat_Zuerich_WagnerC,SLR,59,3.0
384,2017-07-27,0.0857,Limmat_Zuerich_WagnerC,SLR,3,4.0
385,2017-08-31,0.2571,Limmat_Zuerich_WagnerC,SLR,9,5.0
386,2017-10-07,0.1143,Limmat_Zuerich_WagnerC,SLR,4,6.0
387,2017-11-03,0.6,Limmat_Zuerich_WagnerC,SLR,21,7.0
388,2017-12-31,0.3143,Limmat_Zuerich_WagnerC,SLR,11,8.0
389,2018-03-30,0.6571,Limmat_Zuerich_WagnerC,SLR,23,9.0
390,2017-05-04,1.5862,limmat_zürich_mortensena_meiera,SLR,46,1.0
391,2017-06-23,11.1379,limmat_zürich_mortensena_meiera,SLR,323,2.0
392,2017-08-07,1.3448,limmat_zürich_mortensena_meiera,SLR,39,3.0
393,2017-04-07,1.3235,Lorze_Baar_BlarerE,SLR,45,1.0
394,2017-05-06,0.9412,Lorze_Baar_BlarerE,SLR,32,2.0
395,2017-06-02,0.8529,Lorze_Baar_BlarerE,SLR,29,3.0
396,2017-07-08,0.7059,Lorze_Baar_BlarerE,SLR,24,4.0
397,2017-08-06,0.8824,Lorze_Baar_BlarerE,SLR,30,5.0
398,2017-09-10,0.6765,Lorze_Baar_BlarerE,SLR,23,6.0
399,2017-10-21,0.3529,Lorze_Baar_BlarerE,SLR,12,7.0
400,2017-11-04,0.7941,Lorze_Baar_BlarerE,SLR,27,8.0
401,2017-12-23,0.3235,Lorze_Baar_BlarerE,SLR,11,9.0
402,2018-01-20,0.5,Lorze_Baar_BlarerE,SLR,17,10.0
403,2018-02-10,0.4412,Lorze_Baar_BlarerE,SLR,15,11.0
404,2018-03-10,1.3235,Lorze_Baar_BlarerE,SLR,45,12.0
405,2017-05-21,0.269,lötschebach_bern_scheurerk,SLR,46,1.0
406,2017-07-09,0.0117,lötschebach_bern_scheurerk,SLR,2,2.0
407,2017-08-26,0.0526,lötschebach_bern_scheurerk,SLR,9,3.0
408,2017-11-22,0.0292,lötschebach_bern_scheurerk,SLR,5,4.0
409,2018-01-29,0.1228,lötschebach_bern_scheurerk,SLR,21,5.0
410,2018-02-20,0.0702,lötschebach_bern_scheurerk,SLR,12,6.0
411,2018-03-14,0.0877,lötschebach_bern_scheurerk,SLR,15,7.0
412,2017-04-08,0.24,Mammern swisslitterreport,SLR,90,1.0
413,2017-06-15,0.5813,Mammern swisslitterreport,SLR,218,2.0
414,2017-07-24,0.32,Mammern swisslitterreport,SLR,120,3.0
415,2017-08-26,0.568,Mammern swisslitterreport,SLR,213,4.0
416,2017-10-30,0.1493,Mammern swisslitterreport,SLR,56,5.0
417,2017-11-04,0.0613,Mammern swisslitterreport,SLR,23,6.0
418,2018-01-01,0.0347,Mammern swisslitterreport,SLR,13,7.0
419,2018-02-03,0.0613,Mammern swisslitterreport,SLR,23,8.0
420,2017-04-15,0.7692,Murg_Waengi_StrickerR,SLR,10,1.0
421,2017-06-20,0.0769,Murg_Waengi_StrickerR,SLR,1,2.0
422,2017-07-15,0.0769,Murg_Waengi_StrickerR,SLR,1,3.0
423,2017-08-22,0.4615,Murg_Waengi_StrickerR,SLR,6,4.0
424,2017-11-20,0.4615,Murg_Waengi_StrickerR,SLR,6,5.0
425,2017-12-27,0.3077,Murg_Waengi_StrickerR,SLR,4,6.0
426,2018-01-28,0.4615,Murg_Waengi_StrickerR,SLR,6,7.0
427,2018-02-26,0.2308,Murg_Waengi_StrickerR,SLR,3,8.0
428,2018-03-22,0.1538,Murg_Waengi_StrickerR,SLR,2,9.0
429,2017-04-07,2.6,Neuenburgersee_Cudrefin_MatterA,SLR,26,1.0
430,2017-05-28,2.7,Neuenburgersee_Cudrefin_MatterA,SLR,27,2.0
431,2017-06-25,2.6,Neuenburgersee_Cudrefin_MatterA,SLR,26,3.0
432,2017-07-29,2.1,Neuenburgersee_Cudrefin_MatterA,SLR,21,4.0
433,2017-08-20,1.9,Neuenburgersee_Cudrefin_MatterA,SLR,19,5.0
434,2017-09-24,3.0,Neuenburgersee_Cudrefin_MatterA,SLR,30,6.0
435,2017-10-28,2.3,Neuenburgersee_Cudrefin_MatterA,SLR,23,7.0
436,2017-12-17,2.1,Neuenburgersee_Cudrefin_MatterA,SLR,21,8.0
437,2017-05-03,2.8723,Ognonnaz-1,SLR,135,1.0
438,2017-04-08,2.7143,Pfaffner_Rothrist_Ischik,SLR,38,1.0
439,2017-05-30,1.1429,Pfaffner_Rothrist_Ischik,SLR,16,2.0
440,2017-06-22,0.5,Pfaffner_Rothrist_Ischik,SLR,7,3.0
441,2017-07-17,0.3571,Pfaffner_Rothrist_Ischik,SLR,5,4.0
442,2017-08-28,0.6429,Pfaffner_Rothrist_Ischik,SLR,9,5.0
443,2017-09-24,0.2857,Pfaffner_Rothrist_Ischik,SLR,4,6.0
444,2017-10-07,0.3571,Pfaffner_Rothrist_Ischik,SLR,5,7.0
445,2017-11-24,0.5,Pfaffner_Rothrist_Ischik,SLR,7,8.0
446,2017-12-27,0.3571,Pfaffner_Rothrist_Ischik,SLR,5,9.0
447,2017-04-24,0.25,Reuss,SLR,1,1.0
448,2017-04-10,1.6071,reuss_hünenberg_eberhardy,SLR,45,1.0
449,2017-05-09,1.1786,reuss_hünenberg_eberhardy,SLR,33,2.0
450,2017-06-12,1.2143,reuss_hünenberg_eberhardy,SLR,34,3.0
451,2017-07-09,0.9643,reuss_hünenberg_eberhardy,SLR,27,4.0
452,2017-08-23,1.5357,reuss_hünenberg_eberhardy,SLR,43,5.0
453,2017-09-20,0.3214,reuss_hünenberg_eberhardy,SLR,9,6.0
454,2017-10-31,0.3571,reuss_hünenberg_eberhardy,SLR,10,7.0
455,2017-11-18,0.25,reuss_hünenberg_eberhardy,SLR,7,8.0
456,2017-12-31,0.8214,reuss_hünenberg_eberhardy,SLR,23,9.0
457,2018-01-31,1.1429,reuss_hünenberg_eberhardy,SLR,32,10.0
458,2018-02-26,0.2143,reuss_hünenberg_eberhardy,SLR,6,11.0
459,2018-03-19,0.75,reuss_hünenberg_eberhardy,SLR,21,12.0
460,2017-04-27,1.8182,reuss_ottenbach_schoenenbergerl,SLR,20,1.0
461,2017-05-28,3.3636,reuss_ottenbach_schoenenbergerl,SLR,37,2.0
462,2017-06-24,4.0909,reuss_ottenbach_schoenenbergerl,SLR,45,3.0
463,2017-07-30,3.8182,reuss_ottenbach_schoenenbergerl,SLR,42,4.0
464,2017-08-27,2.3636,reuss_ottenbach_schoenenbergerl,SLR,26,5.0
465,2017-09-25,0.9091,reuss_ottenbach_schoenenbergerl,SLR,10,6.0
466,2017-10-29,0.5455,reuss_ottenbach_schoenenbergerl,SLR,6,7.0
467,2017-11-26,0.2727,reuss_ottenbach_schoenenbergerl,SLR,3,8.0
468,2017-12-31,0.7273,reuss_ottenbach_schoenenbergerl,SLR,8,9.0
469,2018-01-28,1.0,reuss_ottenbach_schoenenbergerl,SLR,11,10.0
470,2018-02-25,0.6364,reuss_ottenbach_schoenenbergerl,SLR,7,11.0
471,2018-03-25,0.5455,reuss_ottenbach_schoenenbergerl,SLR,6,12.0
472,2017-04-30,8.7143,Reuss_St.Karli_LinigerS/ImhofY,SLR,122,1.0
473,2017-05-04,1.2143,Reuss_St.Karli_LinigerS/ImhofY,SLR,17,2.0
474,2017-07-07,3.3571,Reuss_St.Karli_LinigerS/ImhofY,SLR,47,3.0
475,2017-10-06,2.0,Reuss_St.Karli_LinigerS/ImhofY,SLR,28,4.0
476,2017-04-30,3.0,Rhein_Basel,SLR,174,1.0
477,2017-05-24,1.569,Rhein_Basel,SLR,91,2.0
478,2017-06-01,3.3966,Rhein_Basel,SLR,197,3.0
479,2017-07-31,4.3103,Rhein_Basel,SLR,250,4.0
480,2017-08-30,3.6552,Rhein_Basel,SLR,212,5.0
481,2017-04-22,7.5789,Rhein_Basel_BlarerP_1,SLR,288,1.0
482,2017-05-29,5.7368,Rhein_Basel_BlarerP_1,SLR,218,2.0
483,2017-06-21,3.9474,Rhein_Basel_BlarerP_1,SLR,150,3.0
484,2017-07-26,6.2368,Rhein_Basel_BlarerP_1,SLR,237,4.0
485,2017-08-30,4.8421,Rhein_Basel_BlarerP_1,SLR,184,5.0
486,2017-09-28,3.5,Rhein_Basel_BlarerP_1,SLR,133,6.0
487,2017-10-27,2.3684,Rhein_Basel_BlarerP_1,SLR,90,7.0
488,2017-11-24,1.6316,Rhein_Basel_BlarerP_1,SLR,62,8.0
489,2017-12-16,1.6579,Rhein_Basel_BlarerP_1,SLR,63,9.0
490,2018-01-21,1.2632,Rhein_Basel_BlarerP_1,SLR,48,10.0
491,2018-02-26,0.8158,Rhein_Basel_BlarerP_1,SLR,31,11.0
492,2018-03-25,1.2368,Rhein_Basel_BlarerP_1,SLR,47,12.0
493,2017-04-22,11.3793,Rhein_Basel_BlarerP_2,SLR,330,1.0
494,2017-05-29,9.3103,Rhein_Basel_BlarerP_2,SLR,270,2.0
495,2017-06-21,7.1034,Rhein_Basel_BlarerP_2,SLR,206,3.0
496,2017-07-26,21.2414,Rhein_Basel_BlarerP_2,SLR,616,4.0
497,2017-08-30,12.4483,Rhein_Basel_BlarerP_2,SLR,361,5.0
498,2017-09-28,9.3448,Rhein_Basel_BlarerP_2,SLR,271,6.0
499,2017-10-27,11.069,Rhein_Basel_BlarerP_2,SLR,321,7.0
500,2017-11-24,6.8276,Rhein_Basel_BlarerP_2,SLR,198,8.0
501,2017-12-16,5.069,Rhein_Basel_BlarerP_2,SLR,147,9.0
502,2018-01-21,8.7931,Rhein_Basel_BlarerP_2,SLR,255,10.0
503,2018-02-26,4.8621,Rhein_Basel_BlarerP_2,SLR,141,11.0
504,2018-03-25,6.9655,Rhein_Basel_BlarerP_2,SLR,202,12.0
505,2017-04-23,0.5758,Rhein_Basel_HungerbuehlerN,SLR,19,1.0
506,2017-05-21,0.1212,Rhein_Basel_HungerbuehlerN,SLR,4,2.0
507,2017-06-30,0.0606,Rhein_Basel_HungerbuehlerN,SLR,2,3.0
508,2017-08-27,0.0909,Rhein_Basel_HungerbuehlerN,SLR,3,4.0
509,2017-09-27,0.2121,Rhein_Basel_HungerbuehlerN,SLR,7,5.0
510,2017-10-29,0.1515,Rhein_Basel_HungerbuehlerN,SLR,5,6.0
511,2017-11-26,0.0303,Rhein_Basel_HungerbuehlerN,SLR,1,7.0
512,2018-03-25,0.2424,Rhein_Basel_HungerbuehlerN,SLR,8,8.0
513,2017-04-22,14.2097,Rhein_Beach near Tinguely Museum_Bolger. O_Sigrist F.,SLR,2643,1.0
514,2017-05-20,7.7419,Rhein_Beach near Tinguely Museum_Bolger. O_Sigrist F.,SLR,1440,2.0
515,2017-06-24,24.8978,Rhein_Beach near Tinguely Museum_Bolger. O_Sigrist F.,SLR,4631,3.0
516,2017-07-22,12.3172,Rhein_Beach near Tinguely Museum_Bolger. O_Sigrist F.,SLR,2291,4.0
517,2017-08-19,8.0699,Rhein_Beach near Tinguely Museum_Bolger. O_Sigrist F.,SLR,1501,5.0
518,2017-09-23,5.4086,Rhein_Beach near Tinguely Museum_Bolger. O_Sigrist F.,SLR,1006,6.0
519,2017-10-21,5.6022,Rhein_Beach near Tinguely Museum_Bolger. O_Sigrist F.,SLR,1042,7.0
520,2017-11-25,1.0215,Rhein_Beach near Tinguely Museum_Bolger. O_Sigrist F.,SLR,190,8.0
521,2017-12-16,1.1075,Rhein_Beach near Tinguely Museum_Bolger. O_Sigrist F.,SLR,206,9.0
522,2018-01-20,0.4516,Rhein_Beach near Tinguely Museum_Bolger. O_Sigrist F.,SLR,84,10.0
523,2018-02-24,0.8118,Rhein_Beach near Tinguely Museum_Bolger. O_Sigrist F.,SLR,151,11.0
524,2018-03-24,3.7796,Rhein_Beach near Tinguely Museum_Bolger. O_Sigrist F.,SLR,703,12.0
525,2017-04-10,0.4762,rhein_domatems_foppa_f,SLR,20,1.0
526,2017-05-22,0.6905,rhein_domatems_foppa_f,SLR,29,2.0
527,2017-06-25,1.0238,rhein_domatems_foppa_f,SLR,43,3.0
528,2017-07-30,0.881,rhein_domatems_foppa_f,SLR,37,4.0
529,2017-09-25,0.381,rhein_domatems_foppa_f,SLR,16,5.0
530,2017-10-05,0.5238,rhein_domatems_foppa_f,SLR,22,6.0
531,2017-11-23,0.5714,rhein_domatems_foppa_f,SLR,24,7.0
532,2017-04-12,0.8333,rhein_eglisau_gomringerp,SLR,5,1.0
533,2017-05-22,0.5,rhein_eglisau_gomringerp,SLR,3,2.0
534,2017-06-27,3.5,rhein_eglisau_gomringerp,SLR,21,3.0
535,2017-07-23,3.3333,rhein_eglisau_gomringerp,SLR,20,4.0
536,2017-08-30,2.1667,rhein_eglisau_gomringerp,SLR,13,5.0
537,2017-10-25,2.1667,rhein_eglisau_gomringerp,SLR,13,6.0
538,2017-11-30,0.5,rhein_eglisau_gomringerp,SLR,3,7.0
539,2017-12-31,0.1667,rhein_eglisau_gomringerp,SLR,1,8.0
540,2018-02-28,1.8333,rhein_eglisau_gomringerp,SLR,11,9.0
541,2018-03-31,0.1667,rhein_eglisau_gomringerp,SLR,1,10.0
542,2017-04-18,12.4848,Rhein_Hemishofen_StollL,SLR,412,1.0
543,2017-05-05,0.2727,Rhein_Hemishofen_StollL,SLR,9,2.0
544,2017-06-17,0.8182,Rhein_Hemishofen_StollL,SLR,27,3.0
545,2017-07-23,0.697,Rhein_Hemishofen_StollL,SLR,23,4.0
546,2017-08-27,1.0303,Rhein_Hemishofen_StollL,SLR,34,5.0
547,2017-09-30,0.1818,Rhein_Hemishofen_StollL,SLR,6,6.0
548,2017-10-29,0.0303,Rhein_Hemishofen_StollL,SLR,1,7.0
549,2017-11-30,0.1515,Rhein_Hemishofen_StollL,SLR,5,8.0
550,2017-12-31,0.0303,Rhein_Hemishofen_StollL,SLR,1,9.0
551,2018-01-30,0.0909,Rhein_Hemishofen_StollL,SLR,3,10.0
552,2018-02-28,0.0303,Rhein_Hemishofen_StollL,SLR,1,11.0
553,2018-03-16,0.0606,Rhein_Hemishofen_StollL,SLR,2,12.0
554,2017-05-06,0.0613,rhein_laag_jungbluthn,SLR,10,1.0
555,2017-05-12,0.0245,rhein_laag_jungbluthn,SLR,4,2.0
556,2017-06-01,0.0491,rhein_laag_jungbluthn,SLR,8,3.0
557,2017-06-18,0.0245,rhein_laag_jungbluthn,SLR,4,4.0
558,2017-06-25,0.0061,rhein_laag_jungbluthn,SLR,1,5.0
559,2017-07-09,0.0123,rhein_laag_jungbluthn,SLR,2,6.0
560,2017-07-22,0.0245,rhein_laag_jungbluthn,SLR,4,7.0
561,2017-08-02,0.1043,rhein_laag_jungbluthn,SLR,17,8.0
562,2017-08-20,0.0123,rhein_laag_jungbluthn,SLR,2,9.0
563,2017-08-27,0.0184,rhein_laag_jungbluthn,SLR,3,10.0
564,2017-09-10,0.0184,rhein_laag_jungbluthn,SLR,3,11.0
565,2017-09-24,0.0123,rhein_laag_jungbluthn,SLR,2,12.0
566,2017-09-27,0.0123,rhein_laag_jungbluthn,SLR,2,13.0
567,2017-10-04,0.0184,rhein_laag_jungbluthn,SLR,3,14.0
568,2017-10-21,0.0061,rhein_laag_jungbluthn,SLR,1,15.0
569,2017-12-15,0.0184,rhein_laag_jungbluthn,SLR,3,16.0
570,2018-03-14,0.0491,rhein_laag_jungbluthn,SLR,8,17.0
571,2017-05-29,0.1786,schiffenensee_duedingen_hirschij,SLR,5,1.0
572,2017-06-27,0.9286,schiffenensee_duedingen_hirschij,SLR,13,2.0
573,2017-04-22,66.5625,sempachersee_sempach_tampec,SLR,1065,1.0
574,2017-05-25,59.125,sempachersee_sempach_tampec,SLR,946,2.0
575,2017-06-27,74.4375,sempachersee_sempach_tampec,SLR,1191,3.0
576,2017-07-15,35.375,sempachersee_sempach_tampec,SLR,566,4.0
577,2017-08-15,23.1875,sempachersee_sempach_tampec,SLR,371,5.0
578,2017-09-15,19.125,sempachersee_sempach_tampec,SLR,306,6.0
579,2017-10-28,17.625,sempachersee_sempach_tampec,SLR,282,7.0
580,2017-11-30,10.8125,sempachersee_sempach_tampec,SLR,173,8.0
581,2018-01-29,76.875,sempachersee_sempach_tampec,SLR,1230,9.0
582,2018-02-28,53.1875,sempachersee_sempach_tampec,SLR,851,10.0
583,2018-03-31,52.875,sempachersee_sempach_tampec,SLR,846,11.0
584,2017-04-24,3.0488,Sense_Törishaus_g-cubes,SLR,125,1.0
585,2017-05-19,2.439,Sense_Törishaus_g-cubes,SLR,100,2.0
586,2017-07-18,1.6098,Sense_Törishaus_g-cubes,SLR,66,3.0
587,2017-09-19,2.4146,Sense_Törishaus_g-cubes,SLR,99,4.0
588,2017-10-20,2.7073,Sense_Törishaus_g-cubes,SLR,111,5.0
589,2017-11-25,1.4634,Sense_Törishaus_g-cubes,SLR,60,6.0
590,2018-01-16,1.0,Sense_Törishaus_g-cubes,SLR,41,7.0
591,2018-02-26,0.7805,Sense_Törishaus_g-cubes,SLR,32,8.0
592,2018-03-23,2.6341,Sense_Törishaus_g-cubes,SLR,108,9.0
593,2017-04-24,0.8491,Sihl_Adliswil_Oggi_Fort,SLR,45,1.0
594,2017-05-12,1.0189,Sihl_Adliswil_Oggi_Fort,SLR,54,2.0
595,2017-06-13,1.7547,Sihl_Adliswil_Oggi_Fort,SLR,93,3.0
596,2017-07-24,1.2075,Sihl_Adliswil_Oggi_Fort,SLR,64,4.0
597,2017-08-21,1.5283,Sihl_Adliswil_Oggi_Fort,SLR,81,5.0
598,2017-09-18,0.6981,Sihl_Adliswil_Oggi_Fort,SLR,37,6.0
599,2017-10-19,1.5283,Sihl_Adliswil_Oggi_Fort,SLR,81,7.0
600,2017-11-29,2.0943,Sihl_Adliswil_Oggi_Fort,SLR,111,8.0
601,2017-12-27,1.0943,Sihl_Adliswil_Oggi_Fort,SLR,58,9.0
602,2018-01-26,1.5094,Sihl_Adliswil_Oggi_Fort,SLR,80,10.0
603,2018-02-23,1.8302,Sihl_Adliswil_Oggi_Fort,SLR,97,11.0
604,2018-03-17,2.4717,Sihl_Adliswil_Oggi_Fort,SLR,131,12.0
605,2017-04-27,0.125,Sihl_Horgen_BucherF,SLR,3,1.0
606,2017-05-25,0.625,Sihl_Horgen_BucherF,SLR,15,2.0
607,2017-06-22,0.8333,Sihl_Horgen_BucherF,SLR,20,3.0
608,2017-07-20,0.875,Sihl_Horgen_BucherF,SLR,21,4.0
609,2017-08-24,0.25,Sihl_Horgen_BucherF,SLR,6,5.0
610,2017-09-21,0.4583,Sihl_Horgen_BucherF,SLR,11,6.0
611,2017-12-27,2.2917,Sihl_Horgen_BucherF,SLR,55,7.0
612,2018-01-26,2.5,Sihl_Horgen_BucherF,SLR,60,8.0
613,2018-02-23,2.4583,Sihl_Horgen_BucherF,SLR,59,9.0
614,2017-04-13,0.3535,sihl_leimbach_kruegerm,SLR,35,1.0
615,2017-05-24,0.5556,sihl_leimbach_kruegerm,SLR,55,2.0
616,2017-06-22,0.4141,sihl_leimbach_kruegerm,SLR,41,3.0
617,2017-07-24,0.3434,sihl_leimbach_kruegerm,SLR,34,4.0
618,2017-08-27,0.2222,sihl_leimbach_kruegerm,SLR,22,5.0
619,2017-10-18,0.101,sihl_leimbach_kruegerm,SLR,10,6.0
620,2017-12-25,0.0303,sihl_leimbach_kruegerm,SLR,3,7.0
621,2018-01-26,0.8148,sihl_leimbach_kruegerm,SLR,22,8.0
622,2018-02-25,0.2593,sihl_leimbach_kruegerm,SLR,7,9.0
623,2018-03-26,0.1313,sihl_leimbach_kruegerm,SLR,13,10.0
624,2017-05-08,0.08,Sihl_Menzingen_Kucharska_Magdalena,SLR,4,1.0
625,2017-06-01,0.3,Sihl_Menzingen_Kucharska_Magdalena,SLR,15,2.0
626,2017-07-15,0.12,Sihl_Menzingen_Kucharska_Magdalena,SLR,6,3.0
627,2017-08-20,0.1,Sihl_Menzingen_Kucharska_Magdalena,SLR,5,4.0
628,2017-09-30,0.06,Sihl_Menzingen_Kucharska_Magdalena,SLR,3,5.0
629,2018-01-29,0.06,Sihl_Menzingen_Kucharska_Magdalena,SLR,3,6.0
630,2018-02-26,0.1,Sihl_Menzingen_Kucharska_Magdalena,SLR,5,7.0
631,2018-03-24,0.2,Sihl_Menzingen_Kucharska_Magdalena,SLR,10,8.0
632,2017-04-09,2.4688,sihl_zuerich_eggerskoehlingera,SLR,79,1.0
633,2017-05-11,0.6562,sihl_zuerich_eggerskoehlingera,SLR,21,2.0
634,2017-06-26,1.5,sihl_zuerich_eggerskoehlingera,SLR,48,3.0
635,2017-07-24,1.7812,sihl_zuerich_eggerskoehlingera,SLR,57,4.0
636,2017-08-29,1.3125,sihl_zuerich_eggerskoehlingera,SLR,42,5.0
637,2017-09-28,0.9375,sihl_zuerich_eggerskoehlingera,SLR,30,6.0
638,2017-10-26,0.9375,sihl_zuerich_eggerskoehlingera,SLR,30,7.0
639,2017-11-30,1.4062,sihl_zuerich_eggerskoehlingera,SLR,45,8.0
640,2018-01-09,1.75,sihl_zuerich_eggerskoehlingera,SLR,56,9.0
641,2018-02-28,2.5,sihl_zuerich_eggerskoehlingera,SLR,80,10.0
642,2017-06-23,0.1702,Sihl_zuerich_eichenbergerD,SLR,8,1.0
643,2017-07-31,2.0426,Sihl_zuerich_eichenbergerD,SLR,96,2.0
644,2017-08-27,0.1277,Sihl_zuerich_eichenbergerD,SLR,6,3.0
645,2017-11-29,0.1064,Sihl_zuerich_eichenbergerD,SLR,5,4.0
646,2018-03-30,0.3617,Sihl_zuerich_eichenbergerD,SLR,17,5.0
647,2017-04-17,0.8421,Sihl_Zuerich_ScherfS,SLR,16,1.0
648,2017-05-21,2.3684,Sihl_Zuerich_ScherfS,SLR,45,2.0
649,2017-06-25,3.2105,Sihl_Zuerich_ScherfS,SLR,61,3.0
650,2017-08-15,1.3684,Sihl_Zuerich_ScherfS,SLR,26,4.0
651,2017-09-17,0.5789,Sihl_Zuerich_ScherfS,SLR,11,5.0
652,2017-10-30,0.8947,Sihl_Zuerich_ScherfS,SLR,17,6.0
653,2017-11-19,0.7368,Sihl_Zuerich_ScherfS,SLR,14,7.0
654,2018-02-21,1.0,Sihl_Zuerich_ScherfS,SLR,19,8.0
655,2018-03-24,3.2632,Sihl_Zuerich_ScherfS,SLR,62,9.0
656,2017-06-23,0.6667,sihl_zürich_himmelhebern,SLR,20,1.0
657,2017-07-30,0.7667,sihl_zürich_himmelhebern,SLR,23,2.0
658,2018-03-30,0.3333,sihl_zürich_himmelhebern,SLR,10,3.0
659,2017-04-23,1.6212,sihlsee_einsiedeln_schilligerllacherl,SLR,107,1.0
660,2017-05-20,0.4091,sihlsee_einsiedeln_schilligerllacherl,SLR,27,2.0
661,2017-06-18,0.3333,sihlsee_einsiedeln_schilligerllacherl,SLR,22,3.0
662,2017-07-15,1.0606,sihlsee_einsiedeln_schilligerllacherl,SLR,70,4.0
663,2017-08-13,0.1061,sihlsee_einsiedeln_schilligerllacherl,SLR,7,5.0
664,2017-09-23,0.6061,sihlsee_einsiedeln_schilligerllacherl,SLR,40,6.0
665,2017-10-28,0.3182,sihlsee_einsiedeln_schilligerllacherl,SLR,21,7.0
666,2018-03-25,0.7424,sihlsee_einsiedeln_schilligerllacherl,SLR,49,8.0
667,2017-04-14,16.6429,sitter_gaiserwald_buehlerf,SLR,233,1.0
668,2017-05-29,14.2143,sitter_gaiserwald_buehlerf,SLR,199,2.0
669,2017-06-26,11.5,sitter_gaiserwald_buehlerf,SLR,161,3.0
670,2017-07-10,10.2857,sitter_gaiserwald_buehlerf,SLR,144,4.0
671,2017-08-21,16.3571,sitter_gaiserwald_buehlerf,SLR,229,5.0
672,2017-09-28,7.9286,sitter_gaiserwald_buehlerf,SLR,111,6.0
673,2017-10-20,7.0714,sitter_gaiserwald_buehlerf,SLR,99,7.0
674,2017-11-27,5.8571,sitter_gaiserwald_buehlerf,SLR,82,8.0
675,2017-12-27,8.2857,sitter_gaiserwald_buehlerf,SLR,116,9.0
676,2018-01-28,5.9286,sitter_gaiserwald_buehlerf,SLR,83,10.0
677,2018-03-24,8.9286,sitter_gaiserwald_buehlerf,SLR,125,11.0
678,2017-04-09,2.0,Sitter_St.Gallen_JennyA,SLR,78,1.0
679,2017-05-28,0.9231,Sitter_St.Gallen_JennyA,SLR,36,2.0
680,2017-06-25,2.9231,Sitter_St.Gallen_JennyA,SLR,114,3.0
681,2017-07-22,1.5897,Sitter_St.Gallen_JennyA,SLR,62,4.0
682,2017-08-13,1.1538,Sitter_St.Gallen_JennyA,SLR,45,5.0
683,2017-09-28,1.5385,Sitter_St.Gallen_JennyA,SLR,60,6.0
684,2017-10-28,0.359,Sitter_St.Gallen_JennyA,SLR,14,7.0
685,2017-12-31,0.9744,Sitter_St.Gallen_JennyA,SLR,38,8.0
686,2018-01-28,3.641,Sitter_St.Gallen_JennyA,SLR,142,9.0
687,2018-03-30,2.1795,Sitter_St.Gallen_JennyA,SLR,85,10.0
688,2017-04-12,2.2093,sitter_stgallen_steinbrunnerf ,SLR,95,1.0
689,2017-05-03,0.3721,sitter_stgallen_steinbrunnerf ,SLR,16,2.0
690,2017-06-14,0.5349,sitter_stgallen_steinbrunnerf ,SLR,23,3.0
691,2017-07-05,0.093,sitter_stgallen_steinbrunnerf ,SLR,4,4.0
692,2017-08-23,0.3256,sitter_stgallen_steinbrunnerf ,SLR,14,5.0
693,2017-09-13,0.4419,sitter_stgallen_steinbrunnerf ,SLR,19,6.0
694,2017-10-25,0.3488,sitter_stgallen_steinbrunnerf ,SLR,15,7.0
695,2017-11-15,0.7209,sitter_stgallen_steinbrunnerf ,SLR,31,8.0
696,2017-12-13,0.4186,sitter_stgallen_steinbrunnerf ,SLR,18,9.0
697,2018-02-07,0.4884,sitter_stgallen_steinbrunnerf ,SLR,21,10.0
698,2018-03-14,0.3023,sitter_stgallen_steinbrunnerf ,SLR,13,11.0
699,2017-04-09,2.3125,sorne_birse_WWFJura,SLR,37,1.0
700,2017-05-09,1.75,sorne_birse_WWFJura,SLR,28,2.0
701,2017-06-27,5.8125,sorne_birse_WWFJura,SLR,93,3.0
702,2017-04-16,1.3793,thunersee_spiez_meierd_1,SLR,40,1.0
703,2017-05-14,0.5517,thunersee_spiez_meierd_1,SLR,16,2.0
704,2017-06-26,1.4483,thunersee_spiez_meierd_1,SLR,42,3.0
705,2017-07-17,2.8966,thunersee_spiez_meierd_1,SLR,84,4.0
706,2017-08-28,1.4828,thunersee_spiez_meierd_1,SLR,43,5.0
707,2017-09-27,0.3793,thunersee_spiez_meierd_1,SLR,11,6.0
708,2017-10-19,0.4828,thunersee_spiez_meierd_1,SLR,14,7.0
709,2017-11-26,0.4828,thunersee_spiez_meierd_1,SLR,14,8.0
710,2017-12-30,0.4138,thunersee_spiez_meierd_1,SLR,12,9.0
711,2018-01-15,0.3448,thunersee_spiez_meierd_1,SLR,10,10.0
712,2018-02-15,0.3793,thunersee_spiez_meierd_1,SLR,11,11.0
713,2018-03-25,0.3793,thunersee_spiez_meierd_1,SLR,11,12.0
714,2017-04-06,0.2188,Thur_Schoenenberg_SchaerA,SLR,21,1.0
715,2017-04-08,0.1042,Thur_Schoenenberg_SchaerA,SLR,10,2.0
716,2017-04-10,0.0521,Thur_Schoenenberg_SchaerA,SLR,5,3.0
717,2017-04-13,0.2292,Thur_Schoenenberg_SchaerA,SLR,22,4.0
718,2017-04-25,0.5625,Thur_Schoenenberg_SchaerA,SLR,54,5.0
719,2017-05-01,0.1042,Thur_Schoenenberg_SchaerA,SLR,10,6.0
720,2017-05-07,0.2188,Thur_Schoenenberg_SchaerA,SLR,21,7.0
721,2017-05-13,0.1458,Thur_Schoenenberg_SchaerA,SLR,14,8.0
722,2017-05-18,0.4688,Thur_Schoenenberg_SchaerA,SLR,45,9.0
723,2017-05-22,0.1458,Thur_Schoenenberg_SchaerA,SLR,14,10.0
724,2017-05-25,0.0938,Thur_Schoenenberg_SchaerA,SLR,9,11.0
725,2017-05-27,0.4062,Thur_Schoenenberg_SchaerA,SLR,39,12.0
726,2017-05-29,0.8958,Thur_Schoenenberg_SchaerA,SLR,86,13.0
727,2017-06-01,0.5625,Thur_Schoenenberg_SchaerA,SLR,54,14.0
728,2017-06-07,1.2396,Thur_Schoenenberg_SchaerA,SLR,119,15.0
729,2017-06-11,1.125,Thur_Schoenenberg_SchaerA,SLR,108,16.0
730,2017-06-13,1.1354,Thur_Schoenenberg_SchaerA,SLR,109,17.0
731,2017-06-15,0.6667,Thur_Schoenenberg_SchaerA,SLR,64,18.0
732,2017-06-19,0.6979,Thur_Schoenenberg_SchaerA,SLR,67,19.0
733,2017-06-22,1.0417,Thur_Schoenenberg_SchaerA,SLR,100,20.0
734,2017-06-24,0.6667,Thur_Schoenenberg_SchaerA,SLR,64,21.0
735,2017-06-26,0.5729,Thur_Schoenenberg_SchaerA,SLR,55,22.0
736,2017-06-29,0.6146,Thur_Schoenenberg_SchaerA,SLR,59,23.0
737,2017-07-02,0.4688,Thur_Schoenenberg_SchaerA,SLR,45,24.0
738,2017-07-06,0.4375,Thur_Schoenenberg_SchaerA,SLR,42,25.0
739,2017-07-09,0.6146,Thur_Schoenenberg_SchaerA,SLR,59,26.0
740,2017-07-14,0.1354,Thur_Schoenenberg_SchaerA,SLR,13,27.0
741,2017-07-19,0.5312,Thur_Schoenenberg_SchaerA,SLR,51,28.0
742,2017-07-22,0.2917,Thur_Schoenenberg_SchaerA,SLR,28,29.0
743,2017-07-26,0.1146,Thur_Schoenenberg_SchaerA,SLR,11,30.0
744,2017-07-30,0.2708,Thur_Schoenenberg_SchaerA,SLR,26,31.0
745,2017-08-02,1.0729,Thur_Schoenenberg_SchaerA,SLR,103,32.0
746,2017-08-04,0.5938,Thur_Schoenenberg_SchaerA,SLR,57,33.0
747,2017-08-06,0.5312,Thur_Schoenenberg_SchaerA,SLR,51,34.0
748,2017-08-09,0.1458,Thur_Schoenenberg_SchaerA,SLR,14,35.0
749,2017-08-14,0.3438,Thur_Schoenenberg_SchaerA,SLR,33,36.0
750,2017-08-16,0.2812,Thur_Schoenenberg_SchaerA,SLR,27,37.0
751,2017-08-19,0.125,Thur_Schoenenberg_SchaerA,SLR,12,38.0
752,2017-08-23,0.2083,Thur_Schoenenberg_SchaerA,SLR,20,39.0
753,2017-08-27,0.1771,Thur_Schoenenberg_SchaerA,SLR,17,40.0
754,2017-08-29,0.3542,Thur_Schoenenberg_SchaerA,SLR,34,41.0
755,2017-08-31,0.6458,Thur_Schoenenberg_SchaerA,SLR,62,42.0
756,2017-09-07,0.5938,Thur_Schoenenberg_SchaerA,SLR,57,43.0
757,2017-09-14,0.3125,Thur_Schoenenberg_SchaerA,SLR,30,44.0
758,2017-09-20,0.1354,Thur_Schoenenberg_SchaerA,SLR,13,45.0
759,2017-09-25,0.1875,Thur_Schoenenberg_SchaerA,SLR,18,46.0
760,2017-09-30,0.1667,Thur_Schoenenberg_SchaerA,SLR,16,47.0
761,2017-10-09,0.1354,Thur_Schoenenberg_SchaerA,SLR,13,48.0
762,2017-10-14,0.0833,Thur_Schoenenberg_SchaerA,SLR,8,49.0
763,2017-10-27,0.2708,Thur_Schoenenberg_SchaerA,SLR,26,50.0
764,2017-11-16,0.1562,Thur_Schoenenberg_SchaerA,SLR,15,51.0
765,2017-11-28,0.0729,Thur_Schoenenberg_SchaerA,SLR,7,52.0
766,2017-12-30,0.2188,Thur_Schoenenberg_SchaerA,SLR,21,53.0
767,2018-01-19,0.1771,Thur_Schoenenberg_SchaerA,SLR,17,54.0
768,2018-01-31,0.6146,Thur_Schoenenberg_SchaerA,SLR,59,55.0
769,2018-02-16,0.0104,Thur_Schoenenberg_SchaerA,SLR,1,56.0
770,2018-02-25,0.4479,Thur_Schoenenberg_SchaerA,SLR,43,57.0
771,2018-03-09,0.3542,Thur_Schoenenberg_SchaerA,SLR,34,58.0
772,2018-03-30,0.5833,Thur_Schoenenberg_SchaerA,SLR,56,59.0
773,2017-05-03,0.5325,thur_schwarzenbach_meiliw,SLR,41,1.0
774,2017-06-09,0.7013,thur_schwarzenbach_meiliw,SLR,54,2.0
775,2017-06-29,1.4416,thur_schwarzenbach_meiliw,SLR,111,3.0
776,2017-07-30,0.8442,thur_schwarzenbach_meiliw,SLR,65,4.0
777,2017-08-30,0.5065,thur_schwarzenbach_meiliw,SLR,39,5.0
778,2017-09-30,0.1558,thur_schwarzenbach_meiliw,SLR,12,6.0
779,2017-10-30,0.2987,thur_schwarzenbach_meiliw,SLR,23,7.0
780,2017-11-30,0.2208,thur_schwarzenbach_meiliw,SLR,17,8.0
781,2017-12-30,0.2987,thur_schwarzenbach_meiliw,SLR,23,9.0
782,2018-01-30,0.6364,thur_schwarzenbach_meiliw,SLR,49,10.0
783,2017-04-24,1.3396,Töss_Bauma_KurthE,SLR,71,1.0
784,2017-05-28,0.3774,Töss_Bauma_KurthE,SLR,20,2.0
785,2017-06-27,0.7736,Töss_Bauma_KurthE,SLR,41,3.0
786,2017-08-07,0.1321,Töss_Bauma_KurthE,SLR,7,4.0
787,2017-08-29,0.1132,Töss_Bauma_KurthE,SLR,6,5.0
788,2017-09-28,0.1698,Töss_Bauma_KurthE,SLR,9,6.0
789,2017-04-29,0.8462,töss_kollbrunn_bürgid,SLR,88,1.0
790,2017-05-28,0.5385,töss_kollbrunn_bürgid,SLR,56,2.0
791,2017-06-30,0.4615,töss_kollbrunn_bürgid,SLR,48,3.0
792,2017-07-21,0.2308,töss_kollbrunn_bürgid,SLR,24,4.0
793,2017-08-30,0.1058,töss_kollbrunn_bürgid,SLR,11,5.0
794,2017-09-29,0.0962,töss_kollbrunn_bürgid,SLR,10,6.0
795,2017-04-08,0.6757,Töss_Winterthur 2,SLR,25,1.0
796,2017-05-13,0.0541,Töss_Winterthur 2,SLR,2,2.0
797,2017-06-24,2.2973,Töss_Winterthur 2,SLR,85,3.0
798,2017-08-05,1.4054,Töss_Winterthur 2,SLR,52,4.0
799,2017-09-30,0.1081,Töss_Winterthur 2,SLR,4,5.0
800,2017-04-22,3.36,unterdsee_ermatingen_brunkem,SLR,84,1.0
801,2017-06-17,2.56,unterdsee_ermatingen_brunkem,SLR,64,2.0
802,2017-07-28,1.88,unterdsee_ermatingen_brunkem,SLR,47,3.0
803,2017-08-20,2.44,unterdsee_ermatingen_brunkem,SLR,61,4.0
804,2017-12-26,1.96,unterdsee_ermatingen_brunkem,SLR,49,5.0
805,2018-01-14,2.48,unterdsee_ermatingen_brunkem,SLR,62,6.0
806,2017-04-12,1.0,urnaesch_urnaesch_meierr,SLR,35,1.0
807,2017-05-18,1.2857,urnaesch_urnaesch_meierr,SLR,45,2.0
808,2017-06-16,0.5143,urnaesch_urnaesch_meierr,SLR,18,3.0
809,2017-07-20,0.2286,urnaesch_urnaesch_meierr,SLR,8,4.0
810,2017-08-15,0.2571,urnaesch_urnaesch_meierr,SLR,9,5.0
811,2017-09-17,0.8286,urnaesch_urnaesch_meierr,SLR,29,6.0
812,2017-10-15,0.3714,urnaesch_urnaesch_meierr,SLR,13,7.0
813,2017-11-27,0.0857,urnaesch_urnaesch_meierr,SLR,3,8.0
814,2018-01-12,0.4857,urnaesch_urnaesch_meierr,SLR,17,9.0
815,2018-03-14,0.8571,urnaesch_urnaesch_meierr,SLR,30,10.0
816,2017-04-03,0.3043,vierwaldstättersee_weggis_schöberls_1,SLR,7,1.0
817,2017-05-02,0.2609,vierwaldstättersee_weggis_schöberls_1,SLR,6,2.0
818,2017-06-02,0.0435,vierwaldstättersee_weggis_schöberls_1,SLR,1,3.0
819,2017-07-09,0.1739,vierwaldstättersee_weggis_schöberls_1,SLR,4,4.0
820,2017-08-19,0.3478,vierwaldstättersee_weggis_schöberls_1,SLR,8,5.0
821,2017-09-10,0.087,vierwaldstättersee_weggis_schöberls_1,SLR,2,6.0
822,2017-10-19,0.2174,vierwaldstättersee_weggis_schöberls_1,SLR,5,7.0
823,2017-11-04,0.0435,vierwaldstättersee_weggis_schöberls_1,SLR,1,8.0
824,2017-12-27,0.087,vierwaldstättersee_weggis_schöberls_1,SLR,2,9.0
825,2018-01-27,0.2174,vierwaldstättersee_weggis_schöberls_1,SLR,5,10.0
826,2018-03-30,0.087,vierwaldstättersee_weggis_schöberls_1,SLR,2,11.0
827,2017-04-03,0.3824,vierwaldstättersee_weggis_schöberls_2,SLR,26,1.0
828,2017-05-02,1.4559,vierwaldstättersee_weggis_schöberls_2,SLR,99,2.0
829,2017-07-09,1.3971,vierwaldstättersee_weggis_schöberls_2,SLR,95,3.0
830,2017-08-19,1.0147,vierwaldstättersee_weggis_schöberls_2,SLR,69,4.0
831,2017-09-10,1.0882,vierwaldstättersee_weggis_schöberls_2,SLR,74,5.0
832,2017-10-19,0.5588,vierwaldstättersee_weggis_schöberls_2,SLR,38,6.0
833,2017-11-04,0.4412,vierwaldstättersee_weggis_schöberls_2,SLR,30,7.0
834,2017-12-27,0.6029,vierwaldstättersee_weggis_schöberls_2,SLR,41,8.0
835,2018-01-27,0.7059,vierwaldstättersee_weggis_schöberls_2,SLR,48,9.0
836,2018-03-30,1.1912,vierwaldstättersee_weggis_schöberls_2,SLR,81,10.0
837,2017-04-03,1.209,vierwaldstättersee_weggis_schöberls_3,SLR,81,1.0
838,2017-05-02,0.8955,vierwaldstättersee_weggis_schöberls_3,SLR,60,2.0
839,2017-06-02,0.5373,vierwaldstättersee_weggis_schöberls_3,SLR,36,3.0
840,2017-07-09,0.5075,vierwaldstättersee_weggis_schöberls_3,SLR,34,4.0
841,2017-08-19,0.8657,vierwaldstättersee_weggis_schöberls_3,SLR,58,5.0
842,2017-09-10,0.4328,vierwaldstättersee_weggis_schöberls_3,SLR,29,6.0
843,2017-10-19,0.3582,vierwaldstättersee_weggis_schöberls_3,SLR,24,7.0
844,2017-11-04,0.194,vierwaldstättersee_weggis_schöberls_3,SLR,13,8.0
845,2017-12-27,0.5672,vierwaldstättersee_weggis_schöberls_3,SLR,38,9.0
846,2018-01-27,0.403,vierwaldstättersee_weggis_schöberls_3,SLR,27,10.0
847,2018-03-30,0.403,vierwaldstättersee_weggis_schöberls_3,SLR,27,11.0
848,2017-05-23,2.1579,vorderrhein_disentis_schmidn,SLR,41,1.0
849,2017-06-29,1.0526,vorderrhein_disentis_schmidn,SLR,20,2.0
850,2017-07-30,0.7895,vorderrhein_disentis_schmidn,SLR,15,3.0
851,2017-08-30,0.3158,vorderrhein_disentis_schmidn,SLR,6,4.0
852,2017-09-17,0.3684,vorderrhein_disentis_schmidn,SLR,7,5.0
853,2017-10-31,0.1579,vorderrhein_disentis_schmidn,SLR,3,6.0
854,2017-11-30,0.0526,vorderrhein_disentis_schmidn,SLR,1,7.0
855,2018-01-17,0.0526,vorderrhein_disentis_schmidn,SLR,1,8.0
856,2018-03-29,0.2632,vorderrhein_disentis_schmidn,SLR,5,9.0
857,2017-05-24,7.8462,Walensee_Walenstadt_WyssE,SLR,204,1.0
858,2017-06-14,7.3462,Walensee_Walenstadt_WyssE,SLR,191,2.0
859,2017-07-22,13.3846,Walensee_Walenstadt_WyssE,SLR,348,3.0
860,2017-08-23,21.7692,Walensee_Walenstadt_WyssE,SLR,566,4.0
861,2017-09-30,28.1154,Walensee_Walenstadt_WyssE,SLR,731,5.0
862,2017-10-27,7.3462,Walensee_Walenstadt_WyssE,SLR,191,6.0
863,2017-12-13,4.4231,Walensee_Walenstadt_WyssE,SLR,115,7.0
864,2017-12-30,4.9615,Walensee_Walenstadt_WyssE,SLR,129,8.0
865,2018-01-24,5.8462,Walensee_Walenstadt_WyssE,SLR,152,9.0
866,2018-02-28,6.1154,Walensee_Walenstadt_WyssE,SLR,159,10.0
867,2018-03-28,17.6538,Walensee_Walenstadt_WyssE,SLR,459,11.0
868,2017-04-09,1.6154,zuerichsee_maennedorf_vanderkaadene,SLR,21,1.0
869,2017-05-08,0.8462,zuerichsee_maennedorf_vanderkaadene,SLR,11,2.0
870,2017-06-08,4.0769,zuerichsee_maennedorf_vanderkaadene,SLR,53,3.0
871,2017-07-10,7.0769,zuerichsee_maennedorf_vanderkaadene,SLR,92,4.0
872,2017-08-10,1.9231,zuerichsee_maennedorf_vanderkaadene,SLR,25,5.0
873,2017-09-26,3.3846,zuerichsee_maennedorf_vanderkaadene,SLR,44,6.0
874,2017-10-26,0.7692,zuerichsee_maennedorf_vanderkaadene,SLR,10,7.0
875,2017-11-27,0.6154,zuerichsee_maennedorf_vanderkaadene,SLR,8,8.0
876,2017-12-28,3.6154,zuerichsee_maennedorf_vanderkaadene,SLR,47,9.0
877,2018-01-26,9.2308,zuerichsee_maennedorf_vanderkaadene,SLR,120,10.0
878,2018-02-23,2.3846,zuerichsee_maennedorf_vanderkaadene,SLR,31,11.0
879,2018-03-22,2.3077,zuerichsee_maennedorf_vanderkaadene,SLR,30,12.0
880,2017-04-10,6.4074,zuerichsee_richterswil_benkoem_2,SLR,173,1.0
881,2017-05-10,4.0,zuerichsee_richterswil_benkoem_2,SLR,108,2.0
882,2017-06-10,5.5926,zuerichsee_richterswil_benkoem_2,SLR,151,3.0
883,2017-07-16,2.7778,zuerichsee_richterswil_benkoem_2,SLR,75,4.0
884,2017-08-12,3.1852,zuerichsee_richterswil_benkoem_2,SLR,86,5.0
885,2017-09-10,2.3333,zuerichsee_richterswil_benkoem_2,SLR,63,6.0
886,2017-10-11,1.1111,zuerichsee_richterswil_benkoem_2,SLR,30,7.0
887,2017-11-07,1.1852,zuerichsee_richterswil_benkoem_2,SLR,32,8.0
888,2017-12-13,0.7407,zuerichsee_richterswil_benkoem_2,SLR,20,9.0
889,2018-02-25,1.2963,zuerichsee_richterswil_benkoem_2,SLR,35,10.0
890,2018-03-25,1.4815,zuerichsee_richterswil_benkoem_2,SLR,40,11.0
891,2017-04-24,15.5455,zuerichsee_staefa_hennm,SLR,171,1.0
892,2017-05-22,5.9091,zuerichsee_staefa_hennm,SLR,65,2.0
893,2017-06-26,8.9091,zuerichsee_staefa_hennm,SLR,98,3.0
894,2017-08-18,6.5455,zuerichsee_staefa_hennm,SLR,72,4.0
895,2017-09-29,7.7273,zuerichsee_staefa_hennm,SLR,85,5.0
896,2017-11-23,8.0,zuerichsee_staefa_hennm,SLR,88,6.0
897,2018-01-19,3.3636,zuerichsee_staefa_hennm,SLR,37,7.0
898,2018-03-09,10.3636,zuerichsee_staefa_hennm,SLR,114,8.0
899,2017-04-10,2.8571,zuerichsee_waedenswil_colomboc_1,SLR,40,1.0
900,2017-05-10,1.3571,zuerichsee_waedenswil_colomboc_1,SLR,19,2.0
901,2017-06-10,3.2857,zuerichsee_waedenswil_colomboc_1,SLR,46,3.0
902,2017-07-16,1.6429,zuerichsee_waedenswil_colomboc_1,SLR,23,4.0
903,2017-08-12,2.5,zuerichsee_waedenswil_colomboc_1,SLR,35,5.0
904,2017-09-10,1.7143,zuerichsee_waedenswil_colomboc_1,SLR,24,6.0
905,2017-10-11,0.8571,zuerichsee_waedenswil_colomboc_1,SLR,12,7.0
906,2017-12-27,1.1429,zuerichsee_waedenswil_colomboc_1,SLR,16,8.0
907,2018-02-26,2.7143,zuerichsee_waedenswil_colomboc_1,SLR,38,9.0
908,2018-03-25,1.4286,zuerichsee_waedenswil_colomboc_1,SLR,20,10.0
909,2017-04-15,4.8491,zuerichsee_zurich_kullg,SLR,257,1.0
910,2017-05-30,12.9245,zuerichsee_zurich_kullg,SLR,685,2.0
911,2017-06-27,12.8868,zuerichsee_zurich_kullg,SLR,683,3.0
912,2017-07-28,18.9811,zuerichsee_zurich_kullg,SLR,1006,4.0
913,2017-08-31,11.5472,zuerichsee_zurich_kullg,SLR,612,5.0
914,2017-09-24,6.9623,zuerichsee_zurich_kullg,SLR,369,6.0
915,2017-10-22,5.2075,zuerichsee_zurich_kullg,SLR,276,7.0
916,2017-11-15,3.283,zuerichsee_zurich_kullg,SLR,174,8.0
917,2017-12-25,2.1887,zuerichsee_zurich_kullg,SLR,116,9.0
918,2018-01-24,2.5849,zuerichsee_zurich_kullg,SLR,137,10.0
919,2018-02-28,1.6038,zuerichsee_zurich_kullg,SLR,85,11.0
920,2018-03-30,1.7925,zuerichsee_zurich_kullg,SLR,95,12.0
921,2017-04-30,8.0952,zugersee_Immensee_Guedesd,SLR,170,1.0
922,2017-05-31,6.2857,zugersee_Immensee_Guedesd,SLR,132,2.0
923,2017-06-30,7.4286,zugersee_Immensee_Guedesd,SLR,156,3.0
924,2017-07-27,5.2381,zugersee_Immensee_Guedesd,SLR,110,4.0
925,2017-08-31,7.0476,zugersee_Immensee_Guedesd,SLR,148,5.0
926,2017-09-28,7.3333,zugersee_Immensee_Guedesd,SLR,154,6.0
927,2017-10-27,6.8571,zugersee_Immensee_Guedesd,SLR,144,7.0
928,2018-01-30,8.2857,zugersee_Immensee_Guedesd,SLR,174,8.0
929,2018-03-31,3.9524,zugersee_Immensee_Guedesd,SLR,83,9.0
930,2017-04-13,2.0278,ZugerseeCholler_Cham_BlarerM,SLR,73,1.0
931,2017-05-12,1.6389,ZugerseeCholler_Cham_BlarerM,SLR,59,2.0
932,2017-06-21,2.3333,ZugerseeCholler_Cham_BlarerM,SLR,84,3.0
933,2017-07-11,2.75,ZugerseeCholler_Cham_BlarerM,SLR,99,4.0
934,2017-08-13,2.4167,ZugerseeCholler_Cham_BlarerM,SLR,87,5.0
935,2017-09-10,2.7778,ZugerseeCholler_Cham_BlarerM,SLR,100,6.0
936,2017-10-25,1.7778,ZugerseeCholler_Cham_BlarerM,SLR,64,7.0
937,2017-11-07,0.5833,ZugerseeCholler_Cham_BlarerM,SLR,21,8.0
938,2017-12-22,0.5,ZugerseeCholler_Cham_BlarerM,SLR,18,9.0
939,2018-01-13,0.9167,ZugerseeCholler_Cham_BlarerM,SLR,33,10.0
940,2018-02-13,1.0278,ZugerseeCholler_Cham_BlarerM,SLR,37,11.0
941,2018-03-10,0.8333,ZugerseeCholler_Cham_BlarerM,SLR,30,12.0
942,2017-04-08,0.6875,zulg_steffisburg_schmassmanne,SLR,11,1.0
943,2017-05-06,0.375,zulg_steffisburg_schmassmanne,SLR,6,2.0
944,2017-06-10,0.25,zulg_steffisburg_schmassmanne,SLR,4,3.0
945,2017-07-22,0.4375,zulg_steffisburg_schmassmanne,SLR,7,4.0
946,2017-08-22,0.9375,zulg_steffisburg_schmassmanne,SLR,15,5.0
947,2017-09-23,0.125,zulg_steffisburg_schmassmanne,SLR,2,6.0
948,2017-10-24,3.625,zulg_steffisburg_schmassmanne,SLR,58,7.0
949,2017-11-27,0.0625,zulg_steffisburg_schmassmanne,SLR,1,8.0
950,2017-12-27,0.25,zulg_steffisburg_schmassmanne,SLR,4,9.0
951,2018-01-24,0.1875,zulg_steffisburg_schmassmanne,SLR,3,10.0
952,2018-03-24,0.1875,zulg_steffisburg_schmassmanne,SLR,3,11.0
953,2017-04-17,6.2143,Zürichsee_Küsnachterhorn_Thirkell-WhiteJ,SLR,87,1.0
954,2017-05-26,4.5714,Zürichsee_Küsnachterhorn_Thirkell-WhiteJ,SLR,64,2.0
955,2017-06-18,9.0,Zürichsee_Küsnachterhorn_Thirkell-WhiteJ,SLR,126,3.0
956,2017-07-30,3.2857,Zürichsee_Küsnachterhorn_Thirkell-WhiteJ,SLR,46,4.0
957,2017-10-22,3.6429,Zürichsee_Küsnachterhorn_Thirkell-WhiteJ,SLR,51,5.0
958,2017-11-28,2.2143,Zürichsee_Küsnachterhorn_Thirkell-WhiteJ,SLR,31,6.0
959,2017-12-10,1.3571,Zürichsee_Küsnachterhorn_Thirkell-WhiteJ,SLR,19,7.0
960,2018-01-28,3.6429,Zürichsee_Küsnachterhorn_Thirkell-WhiteJ,SLR,51,8.0
961,2018-02-28,2.1429,Zürichsee_Küsnachterhorn_Thirkell-WhiteJ,SLR,30,9.0
962,2018-03-31,4.7857,Zürichsee_Küsnachterhorn_Thirkell-WhiteJ,SLR,67,10.0
963,2017-04-17,7.96,zürichsee_wollishofen_langendorfm,SLR,398,1.0
964,2017-05-16,5.36,zürichsee_wollishofen_langendorfm,SLR,268,2.0
965,2017-06-18,7.06,zürichsee_wollishofen_langendorfm,SLR,353,3.0
966,2017-07-28,3.0,zürichsee_wollishofen_langendorfm,SLR,150,4.0
967,2017-08-14,4.22,zürichsee_wollishofen_langendorfm,SLR,211,5.0
968,2017-09-21,3.6,zürichsee_wollishofen_langendorfm,SLR,180,6.0
969,2017-10-16,5.08,zürichsee_wollishofen_langendorfm,SLR,254,7.0
970,2017-11-20,2.82,zürichsee_wollishofen_langendorfm,SLR,141,8.0
971,2017-12-12,1.56,zürichsee_wollishofen_langendorfm,SLR,78,9.0
972,2018-01-19,1.56,zürichsee_wollishofen_langendorfm,SLR,78,10.0
973,2018-02-13,0.84,zürichsee_wollishofen_langendorfm,SLR,42,11.0
974,2018-03-22,6.08,zürichsee_wollishofen_langendorfm,SLR,304,12.0
975,2017-04-19,1.7228,Zürichsee-Feldeggstr-BänningerSand,SLR,174,1.0
976,2017-06-20,5.2772,Zürichsee-Feldeggstr-BänningerSand,SLR,533,2.0
977,2017-07-20,2.8218,Zürichsee-Feldeggstr-BänningerSand,SLR,285,3.0
978,2017-08-23,7.6337,Zürichsee-Feldeggstr-BänningerSand,SLR,771,4.0
979,2017-09-27,5.3564,Zürichsee-Feldeggstr-BänningerSand,SLR,541,5.0
980,2017-10-25,4.3663,Zürichsee-Feldeggstr-BänningerSand,SLR,441,6.0
981,2017-11-29,1.1089,Zürichsee-Feldeggstr-BänningerSand,SLR,112,7.0
982,2018-01-23,3.7426,Zürichsee-Feldeggstr-BänningerSand,SLR,378,8.0
983,2018-02-24,3.1287,Zürichsee-Feldeggstr-BänningerSand,SLR,316,9.0
984,2018-03-26,4.396,Zürichsee-Feldeggstr-BänningerSand,SLR,444,10.0
985,2015-11-23,5.7213,Baye de Montreux - G,MCBP,349,1.0
986,2015-11-24,1.6957,Baye de Clarens,MCBP,117,1.0
987,2015-11-27,4.0755,Veveyse,MCBP,216,1.0
988,2015-12-01,0.9811,Veveyse,MCBP,52,2.0
989,2015-12-02,0.6812,Baye de Clarens,MCBP,47,2.0
990,2015-12-04,6.918,Baye de Montreux - D,MCBP,422,1.0
991,2015-12-04,8.377,Baye de Montreux - G,MCBP,511,2.0
992,2015-12-07,3.6415,Veveyse,MCBP,193,3.0
993,2015-12-08,3.3913,Baye de Clarens,MCBP,234,3.0
994,2015-12-10,9.6557,Baye de Montreux - D,MCBP,589,2.0
995,2015-12-10,5.0492,Baye de Montreux - G,MCBP,308,3.0
996,2015-12-14,2.434,Veveyse,MCBP,129,4.0
997,2015-12-16,2.7826,Baye de Clarens,MCBP,192,4.0
998,2015-12-17,2.541,Baye de Montreux - D,MCBP,155,3.0
999,2015-12-17,4.2131,Baye de Montreux - G,MCBP,257,4.0
1000,2015-12-30,5.8689,Baye de Montreux - G,MCBP,358,5.0
1001,2016-01-06,1.9275,Baye de Clarens,MCBP,133,5.0
1002,2016-01-07,2.3607,Baye de Montreux - D,MCBP,144,4.0
1003,2016-01-08,2.7736,Veveyse,MCBP,147,5.0
1004,2016-01-13,6.3607,Baye de Montreux - G,MCBP,388,6.0
1005,2016-01-13,11.3137,Le Pierrier,MCBP,577,1.0
1006,2016-01-15,2.7358,Veveyse,MCBP,145,6.0
1007,2016-01-19,1.5574,Baye de Montreux - D,MCBP,95,5.0
1008,2016-01-19,1.2295,Baye de Montreux - G,MCBP,75,7.0
1009,2016-01-21,2.717,Veveyse,MCBP,144,7.0
1010,2016-01-23,8.4058,Baye de Clarens,MCBP,580,6.0
1011,2016-01-24,50.075,Arabie,MCBP,2003,1.0
1012,2016-02-09,2.3774,Veveyse,MCBP,126,8.0
1013,2016-02-10,2.1159,Baye de Clarens,MCBP,146,7.0
1014,2016-02-11,1.8689,Baye de Montreux - G,MCBP,114,8.0
1015,2016-03-10,3.082,Baye de Montreux - G,MCBP,188,9.0
1016,2016-03-11,4.6226,Veveyse,MCBP,245,9.0
1017,2016-03-14,26.7843,Le Pierrier,MCBP,1366,2.0
1018,2016-03-24,3.2174,Baye de Clarens,MCBP,222,8.0
1019,2016-03-24,2.8689,Baye de Montreux - D,MCBP,175,6.0
1020,2016-03-26,34.9412,Bain des Dames,MCBP,594,1.0
1021,2016-03-31,7.2899,Baye de Clarens,MCBP,503,9.0
1022,2016-03-31,12.2167,Maladaire,MCBP,733,1.0
1023,2016-04-02,15.75,Arabie,MCBP,630,2.0
1024,2016-04-02,4.5849,Veveyse,MCBP,243,10.0
1025,2016-04-02,17.1429,Villa Barton,MCBP,240,1.0
1026,2016-04-07,4.7681,Baye de Clarens,MCBP,329,10.0
1027,2016-04-07,3.6885,Baye de Montreux - D,MCBP,225,7.0
1028,2016-04-10,22.4062,Oyonne,MCBP,717,1.0
1029,2016-04-10,5.6429,Villa Barton,MCBP,79,2.0
1030,2016-04-12,3.2453,Veveyse,MCBP,172,11.0
1031,2016-04-14,0.8696,Baye de Clarens,MCBP,60,11.0
1032,2016-04-14,2.082,Baye de Montreux - D,MCBP,127,8.0
1033,2016-04-16,4.0,Villa Barton,MCBP,56,3.0
1034,2016-04-19,33.5294,Le Port,MCBP,570,1.0
1035,2016-04-19,4.6792,Veveyse,MCBP,248,12.0
1036,2016-04-22,7.7143,Villa Barton,MCBP,108,4.0
1037,2016-04-24,15.3906,Jardin Botanique,MCBP,985,1.0
1038,2016-04-28,3.2683,Boiron,MCBP,402,1.0
1039,2016-05-02,4.0417,Thonnon-les-Bains,MCBP,194,1.0
1040,2016-05-02,3.7143,Villa Barton,MCBP,52,5.0
1041,2016-05-03,5.7344,Jardin Botanique,MCBP,367,2.0
1042,2016-05-08,4.7969,Jardin Botanique,MCBP,307,3.0
1043,2016-05-08,4.7143,Villa Barton,MCBP,66,6.0
1044,2016-05-10,4.2174,Baye de Clarens,MCBP,291,12.0
1045,2016-05-10,39.5625,Pierrier sud,MCBP,633,1.0
1046,2016-05-17,1.6522,Baye de Clarens,MCBP,114,13.0
1047,2016-05-17,4.8852,Baye de Montreux - D,MCBP,298,9.0
1048,2016-05-28,4.8689,Baye de Montreux - D,MCBP,297,10.0
1049,2016-05-30,14.7843,Le Pierrier,MCBP,754,3.0
1050,2016-05-31,11.7333,Maladaire,MCBP,704,2.0
1051,2016-06-05,9.2857,Villa Barton,MCBP,130,7.0
1052,2016-06-07,6.875,Vidy,MCBP,55,1.0
1053,2016-06-17,5.3774,Veveyse,MCBP,285,13.0
1054,2016-06-22,3.6066,Baye de Montreux - G,MCBP,220,10.0
1055,2016-06-28,10.6557,Baye de Montreux - D,MCBP,650,11.0
1056,2016-07-05,4.3279,Baye de Montreux - D,MCBP,264,12.0
1057,2016-07-10,5.3443,Baye de Montreux - D,MCBP,326,13.0
1058,2016-07-15,5.4098,Baye de Montreux - G,MCBP,330,11.0
1059,2016-07-16,14.4918,Baye de Montreux - D,MCBP,884,14.0
1060,2016-07-19,6.9836,Baye de Montreux - D,MCBP,426,15.0
1061,2016-07-21,12.5714,Villa Barton,MCBP,176,8.0
1062,2016-07-22,23.1429,Villa Barton,MCBP,324,9.0
1063,2016-08-25,13.025,Arabie,MCBP,521,3.0
1064,2016-09-21,41.3929,Grand Clos,MCBP,1159,1.0
1065,2016-10-13,14.4375,Parc des Pierrettes,MCBP,693,1.0
1066,2016-10-13,28.1667,Plage de St Sulpice,MCBP,2028,1.0
1067,2016-11-14,3.4032,Veveyse,MCBP,211,14.0
1068,2016-11-17,9.1411,Versoix,MCBP,1490,1.0
1069,2016-11-21,22.3243,Quai Maria-Belgia,MCBP,826,1.0
1070,2016-11-28,6.4468,Veveyse,MCBP,303,15.0
1071,2016-12-05,6.0638,Veveyse,MCBP,285,16.0
1072,2016-12-16,2.5862,Baye de Montreux - D,MCBP,75,16.0
1073,2016-12-16,12.3871,Baye de Montreux - G,MCBP,384,12.0
1074,2016-12-20,8.7838,Quai Maria-Belgia,MCBP,325,2.0
1075,2017-01-05,6.7907,Veveyse,MCBP,292,17.0
1076,2017-01-20,1.0,Quai Maria-Belgia,MCBP,37,3.0
1077,2017-01-31,24.6667,Oyonne,MCBP,592,2.0
1078,2017-02-16,3.8333,Arabie,MCBP,115,4.0
1079,2017-03-20,9.625,Plage de Dorigny,MCBP,385,1.0
1080,2017-04-03,6.8378,Quai Maria-Belgia,MCBP,253,4.0
1081,2017-04-09,5.6667,La Morges,MCBP,170,1.0
1082,2017-05-19,17.5333,Bain des Dames,MCBP,526,2.0
1083,2017-05-25,18.3158,Le Pierrier,MCBP,1044,4.0
1084,2017-06-08,39.5405,Quai Maria-Belgia,MCBP,1463,5.0
1085,2017-07-26,27.2973,Quai Maria-Belgia,MCBP,1010,6.0
1086,2017-09-30,11.2162,Quai Maria-Belgia,MCBP,415,7.0
1087,2017-10-05,6.1429,Parc des Pierrettes,MCBP,258,2.0
1088,2017-10-05,8.9048,Plage de St Sulpice,MCBP,748,2.0
1089,2017-10-22,6.5357,Grand Clos,MCBP,183,2.0
1090,2017-11-11,12.2432,Quai Maria-Belgia,MCBP,453,8.0
1091,2018-02-11,2.6757,Quai Maria-Belgia,MCBP,99,9.0
1092,2018-03-25,4.5135,Quai Maria-Belgia,MCBP,167,10.0
1093,2018-04-02,14.4714,Anarchy Beach,MCBP,1013,1.0
1094,2018-05-08,4.9333,Arabie,MCBP,148,5.0
1095,2018-07-22,18.9545,Bain des Dames,MCBP,417,3.0
1096,2018-07-11,4.5,Préverenges,PC,135,1.0
