date,location,sample,density2,quantity
2017-04-14,Aare_bern_gerberm,1,0.642,154
2017-05-21,Aare_bern_gerberm,2,0.111,20
2017-06-26,Aare_bern_gerberm,3,0.789,71
2017-07-31,Aare_bern_gerberm,4,0.339,112
2017-08-29,Aare_bern_gerberm,5,0.486,175
2017-09-26,Aare_bern_gerberm,6,0.46,207
2017-10-31,Aare_bern_gerberm,7,0.27,108
2017-11-17,Aare_bern_gerberm,8,0.147,66
2017-12-26,Aare_bern_gerberm,9,0.213,96
2018-01-27,Aare_bern_gerberm,10,0.693,187
2018-03-31,Aare_bern_gerberm,11,0.282,127
2017-04-02,aare_bern_scheurerk,1,0.1,2
2017-05-21,aare_bern_scheurerk,2,0.0,0
2017-07-09,aare_bern_scheurerk,3,1.6,80
2017-09-15,aare_bern_scheurerk,4,0.012,26
2017-10-21,aare_bern_scheurerk,5,0.006,13
2017-11-16,aare_bern_scheurerk,6,0.017,35
2018-01-23,aare_bern_scheurerk,7,0.0,0
2018-03-15,aare_bern_scheurerk,8,0.008,35
2017-04-12,Aare_Brugg_BuchiE,1,0.245,49
2017-05-08,Aare_Brugg_BuchiE,2,0.44,44
2017-06-13,Aare_Brugg_BuchiE,3,0.171,24
2017-07-20,Aare_Brugg_BuchiE,4,0.25,50
2017-08-26,Aare_Brugg_BuchiE,5,0.575,69
2017-09-25,Aare_Brugg_BuchiE,6,0.122,22
2017-10-31,Aare_Brugg_BuchiE,7,0.02,4
2017-11-27,Aare_Brugg_BuchiE,8,0.015,3
2017-12-28,Aare_Brugg_BuchiE,9,0.05,8
2018-02-04,Aare_Brugg_BuchiE,10,0.05,5
2018-03-31,Aare_Brugg_BuchiE,11,0.085,17
2017-04-29,Aare_Elfenau_cataldiv,1,0.077,4
2017-05-20,Aare_Elfenau_cataldiv,2,0.234,3
2017-06-29,Aare_Elfenau_cataldiv,3,2.607,73
2017-07-23,Aare_Elfenau_cataldiv,4,0.088,7
2017-09-09,Aare_Elfenau_cataldiv,5,1.03,103
2018-01-06,Aare_Elfenau_cataldiv,6,0.062,2
2017-04-07,aare_kehrsatz_stolten,1,0.046,8
2017-05-03,aare_kehrsatz_stolten,2,0.056,9
2017-06-14,aare_kehrsatz_stolten,3,0.065,9
2017-07-03,aare_kehrsatz_stolten,4,0.036,5
2017-08-25,aare_kehrsatz_stolten,5,0.043,5
2017-09-21,aare_kehrsatz_stolten,6,0.051,9
2017-10-16,aare_kehrsatz_stolten,7,0.011,2
2017-11-08,aare_kehrsatz_stolten,8,0.04,7
2017-12-13,aare_kehrsatz_stolten,9,0.0,0
2018-01-17,aare_kehrsatz_stolten,10,0.017,3
2018-02-28,aare_kehrsatz_stolten,11,0.002,1
2018-03-15,aare_kehrsatz_stolten,12,0.007,2
2017-04-23,aare_köniz_hoppej,1,0.514,37
2017-06-28,aare_köniz_hoppej,2,3.222,174
2017-07-24,aare_köniz_hoppej,3,1.413,106
2017-08-28,aare_köniz_hoppej,4,1.427,107
2017-09-25,aare_köniz_hoppej,5,0.739,133
2017-10-23,aare_köniz_hoppej,6,0.267,32
2017-11-20,aare_köniz_hoppej,7,0.1,16
2017-12-25,aare_köniz_hoppej,8,0.196,47
2018-01-24,aare_köniz_hoppej,9,0.422,38
2018-02-19,aare_köniz_hoppej,10,0.141,24
2018-03-26,aare_köniz_hoppej,11,0.115,31
2017-04-13,aare_rupperswil_badert,1,0.117,22
2017-05-05,aare_rupperswil_badert,2,0.069,13
2017-06-23,aare_rupperswil_badert,3,0.069,13
2017-07-14,aare_rupperswil_badert,4,0.069,13
2017-08-18,aare_rupperswil_badert,5,0.037,7
2017-09-15,aare_rupperswil_badert,6,0.027,5
2017-10-13,aare_rupperswil_badert,7,0.053,10
2017-11-10,aare_rupperswil_badert,8,0.021,4
2017-12-24,aare_rupperswil_badert,9,0.005,1
2018-01-20,aare_rupperswil_badert,10,0.005,1
2018-02-10,aare_rupperswil_badert,11,0.011,2
2018-03-24,aare_rupperswil_badert,12,0.0,0
2017-04-21,aare_solothurn_nguyena,1,0.072,13
2017-05-10,aare_solothurn_nguyena,2,0.15,27
2017-07-23,aare_solothurn_nguyena,3,0.272,49
2017-04-13,aare_suhrespitz_badert,1,0.639,138
2017-05-05,aare_suhrespitz_badert,2,0.282,61
2017-06-23,aare_suhrespitz_badert,3,0.528,122
2017-07-14,aare_suhrespitz_badert,4,0.258,99
2017-08-18,aare_suhrespitz_badert,5,0.296,81
2017-09-15,aare_suhrespitz_badert,6,0.158,65
2017-10-13,aare_suhrespitz_badert,7,0.356,105
2017-11-10,aare_suhrespitz_badert,8,0.124,51
2017-12-23,aare_suhrespitz_badert,9,0.198,35
2018-01-20,aare_suhrespitz_badert,10,0.162,24
2018-02-10,aare_suhrespitz_badert,11,0.17,28
2018-03-24,aare_suhrespitz_badert,12,0.977,173
2017-04-02,aarezufluss_bern_scheurerk,1,0.45,9
2017-05-21,aarezufluss_bern_scheurerk,2,0.0,0
2017-07-09,aarezufluss_bern_scheurerk,3,0.05,1
2017-09-15,aarezufluss_bern_scheurerk,4,0.45,9
2017-11-19,aarezufluss_bern_scheurerk,5,0.75,15
2018-02-13,aarezufluss_bern_scheurerk,6,0.25,5
2017-04-17,arve_carouge_battistellak,1,0.805,161
2017-05-25,arve_carouge_battistellak,2,0.47,94
2017-06-27,arve_carouge_battistellak,3,1.17,234
2017-07-31,arve_carouge_battistellak,4,0.63,126
2017-08-28,arve_carouge_battistellak,5,0.326,94
2017-09-30,arve_carouge_battistellak,6,0.579,168
2017-10-31,arve_carouge_battistellak,7,0.16,40
2018-03-18,arve_carouge_battistellak,8,1.184,379
2017-04-22,Bielersee_Vinelz_FankhauserS,1,2.143,105
2017-05-27,Bielersee_Vinelz_FankhauserS,2,2.5,110
2017-06-30,Bielersee_Vinelz_FankhauserS,3,2.298,131
2017-07-29,Bielersee_Vinelz_FankhauserS,4,1.516,47
2017-08-26,Bielersee_Vinelz_FankhauserS,5,1.484,92
2017-09-29,Bielersee_Vinelz_FankhauserS,6,0.851,57
2017-10-29,Bielersee_Vinelz_FankhauserS,7,0.29,36
2017-11-30,Bielersee_Vinelz_FankhauserS,8,1.447,191
2017-12-30,Bielersee_Vinelz_FankhauserS,9,0.886,117
2018-01-31,Bielersee_Vinelz_FankhauserS,10,1.177,146
2018-03-31,Bielersee_Vinelz_FankhauserS,11,1.178,106
2017-04-29,Birs_basel_läderachs,1,0.238,40
2017-05-28,Birs_basel_läderachs,2,0.415,103
2017-06-30,Birs_basel_läderachs,3,0.368,67
2017-07-31,Birs_basel_läderachs,4,0.554,93
2017-09-30,Birs_basel_läderachs,5,0.292,63
2017-12-30,Birs_basel_läderachs,6,0.2,20
2018-02-28,Birs_basel_läderachs,7,0.108,14
2018-03-24,Birs_basel_läderachs,8,0.148,31
2017-04-18,Birs_Reinach_DiNucciN,1,1.309,178
2017-05-29,Birs_Reinach_DiNucciN,2,0.885,138
2017-08-25,Birs_Reinach_DiNucciN,3,0.611,66
2017-09-30,Birs_Reinach_DiNucciN,4,0.0,0
2017-10-30,Birs_Reinach_DiNucciN,5,0.0,0
2017-11-30,Birs_Reinach_DiNucciN,6,0.0,0
2017-12-27,Birs_Reinach_DiNucciN,7,0.633,76
2018-01-31,Birs_Reinach_DiNucciN,8,0.71,71
2018-03-29,Birs_Reinach_DiNucciN,9,0.262,21
2017-04-22,Birsköpfli Rusco,1,0.123,372
2017-05-21,Birsköpfli Rusco,2,0.099,300
2017-06-26,Birsköpfli Rusco,3,0.266,803
2017-07-25,Birsköpfli Rusco,4,0.11,331
2017-08-29,Birsköpfli Rusco,5,0.168,508
2017-10-03,Birsköpfli Rusco,6,0.019,57
2017-11-05,Birsköpfli Rusco,7,0.011,33
2017-12-03,Birsköpfli Rusco,8,0.019,56
2018-01-06,Birsköpfli Rusco,9,0.0,0
2018-02-11,Birsköpfli Rusco,10,0.059,178
2018-03-08,Birsköpfli Rusco,11,0.033,99
2017-04-05,Bodensee_Arbon_MösliS,1,0.313,47
2017-05-09,Bodensee_Arbon_MösliS,2,0.14,21
2017-06-23,Bodensee_Arbon_MösliS,3,0.213,32
2017-08-29,Bodensee_Arbon_MösliS,4,0.133,20
2017-09-27,Bodensee_Arbon_MösliS,5,0.187,28
2017-10-04,Bodensee_Arbon_MösliS,6,0.1,15
2017-11-15,Bodensee_Arbon_MösliS,7,0.227,34
2017-12-27,Bodensee_Arbon_MösliS,8,0.113,17
2018-01-31,Bodensee_Arbon_MösliS,9,0.147,22
2018-02-28,Bodensee_Arbon_MösliS,10,0.073,11
2018-03-24,Bodensee_Arbon_MösliS,11,0.073,11
2017-04-22,Bodensee_Steinach_Dolder_A,1,0.595,125
2017-05-29,Bodensee_Steinach_Dolder_A,2,0.757,159
2017-06-29,Bodensee_Steinach_Dolder_A,3,0.91,191
2017-07-31,Bodensee_Steinach_Dolder_A,4,0.7,147
2017-08-30,Bodensee_Steinach_Dolder_A,5,1.233,259
2017-09-30,Bodensee_Steinach_Dolder_A,6,0.662,139
2017-10-27,Bodensee_Steinach_Dolder_A,7,0.548,115
2017-11-26,Bodensee_Steinach_Dolder_A,8,0.824,173
2017-12-29,Bodensee_Steinach_Dolder_A,9,0.752,158
2018-01-26,Bodensee_Steinach_Dolder_A,10,0.6,126
2018-02-28,Bodensee_Steinach_Dolder_A,11,0.895,188
2018-03-24,Bodensee_Steinach_Dolder_A,12,1.371,288
2017-10-29,bodensee_thal_schlachterj_1,1,0.097,14
2017-11-30,bodensee_thal_schlachterj_1,2,0.194,31
2017-12-29,bodensee_thal_schlachterj_1,3,0.096,20
2017-04-04,chriesbach_duebendorf_schneidera,1,0.081,86
2017-05-11,chriesbach_duebendorf_schneidera,2,0.073,78
2017-06-13,chriesbach_duebendorf_schneidera,3,0.043,23
2017-07-11,chriesbach_duebendorf_schneidera,4,0.111,59
2017-08-16,chriesbach_duebendorf_schneidera,5,0.025,13
2017-09-19,chriesbach_duebendorf_schneidera,6,0.013,7
2017-10-05,chriesbach_duebendorf_schneidera,7,0.03,16
2017-11-15,chriesbach_duebendorf_schneidera,8,0.038,20
2017-12-06,chriesbach_duebendorf_schneidera,9,0.018,19
2018-01-08,chriesbach_duebendorf_schneidera,10,0.072,77
2018-02-05,chriesbach_duebendorf_schneidera,11,0.093,99
2018-03-09,chriesbach_duebendorf_schneidera,12,0.06,64
2017-04-28,emme_biberist_jennim,1,0.089,8
2017-05-19,emme_biberist_jennim,2,0.133,10
2017-06-04,emme_biberist_jennim,3,0.61,50
2017-07-04,emme_biberist_jennim,4,0.21,22
2017-08-07,emme_biberist_jennim,5,0.276,29
2017-09-08,emme_biberist_jennim,6,0.257,27
2017-10-18,emme_biberist_jennim,7,0.095,20
2017-11-16,emme_biberist_jennim,8,0.114,12
2017-12-14,emme_biberist_jennim,9,0.106,9
2018-01-11,emme_biberist_jennim,10,0.156,14
2018-02-02,emme_biberist_jennim,11,0.2,15
2018-03-08,emme_biberist_jennim,12,0.144,13
2017-04-10,emme_luterbach_huggenbergerk,1,0.08,68
2017-05-11,emme_luterbach_huggenbergerk,2,0.047,12
2017-06-28,emme_luterbach_huggenbergerk,3,0.239,83
2017-07-29,emme_luterbach_huggenbergerk,4,0.017,12
2017-08-30,emme_luterbach_huggenbergerk,5,0.025,34
2017-09-30,emme_luterbach_huggenbergerk,6,0.016,20
2017-10-30,emme_luterbach_huggenbergerk,7,0.0,1
2017-04-13,Emme_Utzenstorf_Grüttert,1,0.183,11
2017-05-02,Emme_Utzenstorf_Grüttert,2,0.057,4
2017-07-21,Emme_Utzenstorf_Grüttert,3,0.074,6
2017-08-30,Emme_Utzenstorf_Grüttert,4,0.05,5
2017-11-30,Emme_Utzenstorf_Grüttert,5,0.042,2
2018-01-30,Emme_Utzenstorf_Grüttert,6,0.083,4
2018-02-27,Emme_Utzenstorf_Grüttert,7,0.167,3
2018-03-27,Emme_Utzenstorf_Grüttert,8,0.15,6
2017-05-21,glatt_oerlikon_covosN,1,0.7,14
2017-07-09,glatt_oerlikon_covosN,2,0.4,10
2017-08-30,glatt_oerlikon_covosN,3,0.04,1
2017-10-15,glatt_oerlikon_covosN,4,0.52,13
2018-01-21,glatt_oerlikon_covosN,5,0.44,11
2018-02-25,glatt_oerlikon_covosN,6,0.44,11
2018-03-24,glatt_oerlikon_covosN,7,0.4,10
2017-10-29,goldach_goldach_schlachterj,1,0.04,8
2017-11-30,goldach_goldach_schlachterj,2,0.01,3
2017-12-29,goldach_goldach_schlachterj,3,0.03,6
2017-04-05,greifensee_fällanden_meistery,1,1.8,135
2017-05-08,greifensee_fällanden_meistery,2,1.533,115
2017-06-06,greifensee_fällanden_meistery,3,2.08,156
2017-07-05,greifensee_fällanden_meistery,4,1.293,97
2017-08-21,greifensee_fällanden_meistery,5,0.907,68
2017-04-29,greifensee_fällanden_simmenc,1,0.407,220
2017-04-30,greifensee_greifensee_simmenc,1,0.437,382
2017-05-30,greifensee_greifensee_simmenc,2,2.917,2013
2017-06-29,greifensee_greifensee_simmenc,3,2.013,805
2017-08-02,greifensee_greifensee_simmenc,4,2.185,874
2017-10-05,greifensee_greifensee_simmenc,5,0.982,391
2017-12-31,greifensee_greifensee_simmenc,6,0.734,282
2018-01-31,greifensee_greifensee_simmenc,7,0.882,353
2018-02-28,greifensee_greifensee_simmenc,8,0.639,257
2018-03-31,greifensee_greifensee_simmenc,9,0.662,261
2017-04-29,greifensee_maur_simmenc,1,0.074,40
2017-05-31,greifensee_maur_simmenc,2,0.36,159
2017-06-30,greifensee_maur_simmenc,3,0.308,135
2017-04-21,greifensee_uster_fischerb_ 2,1,0.566,52
2017-05-28,greifensee_uster_fischerb_ 2,2,0.905,60
2017-06-19,greifensee_uster_fischerb_ 2,3,0.937,86
2017-07-24,greifensee_uster_fischerb_ 2,4,1.645,151
2017-08-30,greifensee_uster_fischerb_ 2,5,0.153,14
2017-09-25,greifensee_uster_fischerb_ 2,6,0.405,32
2017-10-19,greifensee_uster_fischerb_ 2,7,0.266,21
2018-03-31,greifensee_uster_fischerb_ 2,8,0.627,16
2017-04-21,greifensee_uster_fischerb_1,1,0.7,65
2017-05-28,greifensee_uster_fischerb_1,2,0.665,38
2017-06-19,greifensee_uster_fischerb_1,3,1.196,111
2017-07-24,greifensee_uster_fischerb_1,4,2.747,255
2017-08-30,greifensee_uster_fischerb_1,5,0.442,41
2017-09-25,greifensee_uster_fischerb_1,6,0.12,9
2017-10-19,greifensee_uster_fischerb_1,7,0.387,29
2018-03-31,greifensee_uster_fischerb_1,8,3.249,58
2017-04-14,Inn_Pradella_KohlT,1,0.074,48
2017-05-23,Inn_Pradella_KohlT,2,0.008,4
2017-06-18,Inn_Pradella_KohlT,3,0.04,4
2017-07-20,Inn_Pradella_KohlT,4,0.012,22
2017-08-20,Inn_Pradella_KohlT,5,0.003,6
2017-09-15,Inn_Pradella_KohlT,6,0.002,2
2017-10-20,Inn_Pradella_KohlT,7,0.005,4
2017-11-12,Inn_Pradella_KohlT,8,0.0,0
2017-04-03,jona_tann_nusslin,1,0.046,16
2017-05-12,jona_tann_nusslin,2,0.065,26
2017-06-25,jona_tann_nusslin,3,0.12,48
2017-07-15,jona_tann_nusslin,4,0.083,38
2017-08-22,jona_tann_nusslin,5,0.13,65
2017-09-30,jona_tann_nusslin,6,0.052,29
2017-10-29,jona_tann_nusslin,7,0.012,6
2017-11-30,jona_tann_nusslin,8,0.076,19
2017-12-31,jona_tann_nusslin,9,0.064,16
2018-01-31,jona_tann_nusslin,10,0.072,18
2018-02-22,jona_tann_nusslin,11,0.016,8
2018-03-22,jona_tann_nusslin,12,0.014,7
2017-04-30,katzenbach_zuerich_sanesim,1,0.016,7
2017-05-25,katzenbach_zuerich_sanesim,2,0.02,9
2017-06-29,katzenbach_zuerich_sanesim,3,0.016,7
2017-07-18,katzenbach_zuerich_sanesim,4,0.038,17
2017-08-21,katzenbach_zuerich_sanesim,5,0.031,14
2017-09-28,katzenbach_zuerich_sanesim,6,0.033,15
2017-10-31,katzenbach_zuerich_sanesim,7,0.031,14
2017-11-29,katzenbach_zuerich_sanesim,8,0.033,15
2017-12-31,katzenbach_zuerich_sanesim,9,0.02,9
2018-01-24,katzenbach_zuerich_sanesim,10,0.004,2
2018-02-28,katzenbach_zuerich_sanesim,11,0.027,12
2018-03-24,katzenbach_zuerich_sanesim,12,0.018,8
2017-04-04,katzensee_regensdorfzuerichaffoltern_stueberj,1,0.367,180
2017-05-03,katzensee_regensdorfzuerichaffoltern_stueberj,2,0.504,247
2017-06-06,katzensee_regensdorfzuerichaffoltern_stueberj,3,0.188,92
2017-07-05,katzensee_regensdorfzuerichaffoltern_stueberj,4,0.18,88
2017-08-15,katzensee_regensdorfzuerichaffoltern_stueberj,5,0.149,73
2017-09-07,katzensee_regensdorfzuerichaffoltern_stueberj,6,0.176,86
2017-10-05,katzensee_regensdorfzuerichaffoltern_stueberj,7,0.249,122
2017-11-06,katzensee_regensdorfzuerichaffoltern_stueberj,8,0.19,93
2017-12-08,katzensee_regensdorfzuerichaffoltern_stueberj,9,0.129,63
2018-01-09,katzensee_regensdorfzuerichaffoltern_stueberj,10,0.212,104
2018-02-10,katzensee_regensdorfzuerichaffoltern_stueberj,11,0.171,84
2018-03-08,katzensee_regensdorfzuerichaffoltern_stueberj,12,0.186,91
2017-05-25,lacléman_gland_kubela,1,1.617,97
2017-06-28,lacléman_gland_kubela,2,0.8,48
2017-07-25,lacléman_gland_kubela,3,0.733,44
2017-08-29,lacléman_gland_kubela,4,0.467,28
2017-09-28,lacléman_gland_kubela,5,0.683,41
2017-10-26,lacléman_gland_kubela,6,0.047,7
2017-11-28,lacléman_gland_kubela,7,0.462,37
2017-12-16,lacléman_gland_kubela,8,0.127,19
2018-01-19,lacléman_gland_kubela,9,0.16,24
2018-02-19,lacléman_gland_kubela,10,0.033,5
2018-03-18,lacléman_gland_kubela,11,1.493,224
2017-07-11,Lacléman_Gland_LecoanetS,1,0.14,49
2017-08-07,Lacléman_Gland_LecoanetS,2,0.311,109
2017-09-12,Lacléman_Gland_LecoanetS,3,0.189,66
2017-10-10,Lacléman_Gland_LecoanetS,4,0.197,69
2017-11-17,Lacléman_Gland_LecoanetS,5,0.87,87
2017-12-16,Lacléman_Gland_LecoanetS,6,0.077,27
2018-01-19,Lacléman_Gland_LecoanetS,7,0.06,21
2018-02-19,Lacléman_Gland_LecoanetS,8,0.029,10
2018-03-18,Lacléman_Gland_LecoanetS,9,0.966,338
2017-04-30,lacléman_vidy_santie,1,1.585,317
2017-05-23,lacléman_vidy_santie,2,3.586,502
2017-06-16,lacléman_vidy_santie,3,4.625,370
2017-07-21,lacléman_vidy_santie,4,4.62,231
2017-08-25,lacléman_vidy_santie,5,4.185,272
2017-09-26,lacléman_vidy_santie,6,3.733,168
2017-10-24,lacléman_vidy_santie,7,2.7,108
2017-11-17,lacléman_vidy_santie,8,3.12,78
2017-12-26,lacléman_vidy_santie,9,3.0,90
2018-01-23,lacléman_vidy_santie,10,5.0,175
2018-02-26,lacléman_vidy_santie,11,1.38,207
2018-03-26,lacléman_vidy_santie,12,1.556,249
2017-04-24,langete_langenthal_geiserm,1,0.575,61
2017-05-24,langete_langenthal_geiserm,2,0.27,27
2017-06-22,langete_langenthal_geiserm,3,0.241,28
2017-07-24,langete_langenthal_geiserm,4,0.364,40
2017-08-21,langete_langenthal_geiserm,5,0.264,29
2017-09-21,langete_langenthal_geiserm,6,0.189,17
2017-10-25,langete_langenthal_geiserm,7,0.133,12
2017-11-22,langete_langenthal_geiserm,8,0.256,22
2018-01-30,langete_langenthal_geiserm,9,0.221,19
2018-02-27,langete_langenthal_geiserm,10,0.3,24
2018-03-30,langete_langenthal_geiserm,11,0.393,22
2017-05-27,limmat_dietikon_keiserp,1,1.912,153
2017-06-26,limmat_dietikon_keiserp,2,0.588,235
2017-08-03,limmat_dietikon_keiserp,3,0.242,97
2017-09-30,limmat_dietikon_keiserp,4,0.09,36
2017-10-28,limmat_dietikon_keiserp,5,0.1,40
2017-11-27,limmat_dietikon_keiserp,6,0.078,31
2017-12-29,limmat_dietikon_keiserp,7,0.088,35
2018-01-29,limmat_dietikon_keiserp,8,0.25,50
2018-03-29,limmat_dietikon_keiserp,9,0.23,92
2017-04-23,Limmat_Unterengstringen_OggierBührer,1,0.272,34
2017-05-09,Limmat_Unterengstringen_OggierBührer,2,0.26,26
2017-06-14,Limmat_Unterengstringen_OggierBührer,3,0.25,25
2017-07-15,Limmat_Unterengstringen_OggierBührer,4,0.264,33
2017-08-09,Limmat_Unterengstringen_OggierBührer,5,0.34,34
2017-09-24,Limmat_Unterengstringen_OggierBührer,6,0.17,17
2017-10-16,Limmat_Unterengstringen_OggierBührer,7,0.08,8
2017-11-30,Limmat_Unterengstringen_OggierBührer,8,0.03,3
2017-12-27,Limmat_Unterengstringen_OggierBührer,9,0.31,31
2018-01-19,Limmat_Unterengstringen_OggierBührer,10,0.23,23
2018-02-14,Limmat_Unterengstringen_OggierBührer,11,0.056,7
2018-03-07,Limmat_Unterengstringen_OggierBührer,12,0.245,27
2017-04-13,Limmat_Zuerich_JansenA,1,0.08,32
2017-05-11,Limmat_Zuerich_JansenA,2,0.036,13
2017-06-15,Limmat_Zuerich_JansenA,3,0.11,44
2017-07-13,Limmat_Zuerich_JansenA,4,0.088,35
2017-08-17,Limmat_Zuerich_JansenA,5,0.162,65
2017-09-07,Limmat_Zuerich_JansenA,6,0.028,11
2017-10-11,Limmat_Zuerich_JansenA,7,0.02,8
2017-11-16,Limmat_Zuerich_JansenA,8,0.002,1
2017-12-14,Limmat_Zuerich_JansenA,9,0.018,7
2018-01-17,Limmat_Zuerich_JansenA,10,0.005,2
2018-02-13,Limmat_Zuerich_JansenA,11,0.0,0
2018-03-15,Limmat_Zuerich_JansenA,12,0.015,6
2017-04-10,limmat_zuerich_suterd&glauserp,1,1.042,125
2017-05-16,limmat_zuerich_suterd&glauserp,2,0.324,22
2017-06-14,limmat_zuerich_suterd&glauserp,3,0.42,148
2017-07-12,limmat_zuerich_suterd&glauserp,4,1.642,197
2017-08-21,limmat_zuerich_suterd&glauserp,5,1.3,65
2017-09-26,limmat_zuerich_suterd&glauserp,6,0.48,24
2017-10-18,limmat_zuerich_suterd&glauserp,7,0.07,21
2017-11-23,limmat_zuerich_suterd&glauserp,8,0.167,10
2017-12-21,limmat_zuerich_suterd&glauserp,9,0.05,6
2018-02-24,limmat_zuerich_suterd&glauserp,10,0.667,20
2018-03-24,limmat_zuerich_suterd&glauserp,11,0.16,48
2017-04-30,Limmat_Zuerich_WagnerC,1,0.24,18
2017-05-30,Limmat_Zuerich_WagnerC,2,0.302,38
2017-06-30,Limmat_Zuerich_WagnerC,3,0.621,59
2017-07-27,Limmat_Zuerich_WagnerC,4,0.083,3
2017-08-31,Limmat_Zuerich_WagnerC,5,0.196,9
2017-10-07,Limmat_Zuerich_WagnerC,6,0.157,4
2017-11-03,Limmat_Zuerich_WagnerC,7,0.216,21
2017-12-31,Limmat_Zuerich_WagnerC,8,0.169,11
2018-03-30,Limmat_Zuerich_WagnerC,9,0.28,23
2017-04-07,Lorze_Baar_BlarerE,1,0.18,45
2017-05-06,Lorze_Baar_BlarerE,2,0.145,32
2017-06-02,Lorze_Baar_BlarerE,3,0.127,29
2017-07-08,Lorze_Baar_BlarerE,4,0.114,24
2017-08-06,Lorze_Baar_BlarerE,5,0.15,30
2017-09-10,Lorze_Baar_BlarerE,6,0.11,23
2017-10-21,Lorze_Baar_BlarerE,7,0.052,12
2017-11-04,Lorze_Baar_BlarerE,8,0.112,27
2017-12-23,Lorze_Baar_BlarerE,9,0.05,11
2018-01-20,Lorze_Baar_BlarerE,10,0.068,17
2018-02-10,Lorze_Baar_BlarerE,11,0.062,15
2018-03-10,Lorze_Baar_BlarerE,12,0.173,45
2017-05-21,lötschebach_bern_scheurerk,1,0.088,46
2017-07-09,lötschebach_bern_scheurerk,2,0.006,2
2017-08-26,lötschebach_bern_scheurerk,3,0.028,9
2017-11-22,lötschebach_bern_scheurerk,4,0.01,5
2018-01-29,lötschebach_bern_scheurerk,5,0.04,21
2018-02-20,lötschebach_bern_scheurerk,6,0.023,12
2018-03-14,lötschebach_bern_scheurerk,7,0.029,15
2017-04-08,Mammern swisslitterreport,1,0.024,90
2017-06-15,Mammern swisslitterreport,2,0.057,218
2017-07-24,Mammern swisslitterreport,3,0.032,120
2017-08-26,Mammern swisslitterreport,4,0.056,213
2017-10-30,Mammern swisslitterreport,5,0.015,56
2017-11-04,Mammern swisslitterreport,6,0.006,23
2018-01-01,Mammern swisslitterreport,7,0.003,13
2018-02-03,Mammern swisslitterreport,8,0.006,23
2017-04-15,Murg_Waengi_StrickerR,1,0.25,10
2017-06-20,Murg_Waengi_StrickerR,2,0.019,1
2017-07-15,Murg_Waengi_StrickerR,3,0.017,1
2017-08-22,Murg_Waengi_StrickerR,4,0.125,6
2017-09-22,Murg_Waengi_StrickerR,5,0.0,0
2017-10-19,Murg_Waengi_StrickerR,6,0.0,0
2017-11-20,Murg_Waengi_StrickerR,7,0.133,6
2017-12-27,Murg_Waengi_StrickerR,8,0.087,4
2018-01-28,Murg_Waengi_StrickerR,9,0.75,6
2018-02-26,Murg_Waengi_StrickerR,10,0.273,3
2018-03-22,Murg_Waengi_StrickerR,11,0.125,2
2017-04-07,Neuenburgersee_Cudrefin_MatterA,1,0.65,26
2017-05-28,Neuenburgersee_Cudrefin_MatterA,2,0.675,27
2017-06-25,Neuenburgersee_Cudrefin_MatterA,3,0.65,26
2017-07-29,Neuenburgersee_Cudrefin_MatterA,4,0.525,21
2017-08-20,Neuenburgersee_Cudrefin_MatterA,5,0.475,19
2017-09-24,Neuenburgersee_Cudrefin_MatterA,6,0.75,30
2017-10-28,Neuenburgersee_Cudrefin_MatterA,7,0.575,23
2017-12-17,Neuenburgersee_Cudrefin_MatterA,8,0.525,21
2017-04-08,Pfaffner_Rothrist_Ischik,1,0.543,38
2017-05-30,Pfaffner_Rothrist_Ischik,2,0.213,16
2017-06-22,Pfaffner_Rothrist_Ischik,3,0.093,7
2017-07-17,Pfaffner_Rothrist_Ischik,4,0.071,5
2017-08-28,Pfaffner_Rothrist_Ischik,5,0.12,9
2017-09-24,Pfaffner_Rothrist_Ischik,6,0.075,4
2017-04-24,Reuss,1,0.2,1
2017-04-10,reuss_hünenberg_eberhardy,1,0.31,45
2017-05-09,reuss_hünenberg_eberhardy,2,0.254,33
2017-06-12,reuss_hünenberg_eberhardy,3,0.305,34
2017-07-09,reuss_hünenberg_eberhardy,4,0.235,27
2017-08-23,reuss_hünenberg_eberhardy,5,0.269,43
2017-09-20,reuss_hünenberg_eberhardy,6,0.066,9
2017-10-31,reuss_hünenberg_eberhardy,7,0.054,10
2017-11-18,reuss_hünenberg_eberhardy,8,0.037,7
2017-12-31,reuss_hünenberg_eberhardy,9,0.135,23
2018-01-31,reuss_hünenberg_eberhardy,10,0.166,32
2018-02-26,reuss_hünenberg_eberhardy,11,0.031,6
2018-03-19,reuss_hünenberg_eberhardy,12,0.1,21
2017-04-27,reuss_ottenbach_schoenenbergerl,1,0.225,20
2017-05-28,reuss_ottenbach_schoenenbergerl,2,0.378,37
2017-06-24,reuss_ottenbach_schoenenbergerl,3,0.506,45
2017-07-30,reuss_ottenbach_schoenenbergerl,4,0.389,42
2017-08-27,reuss_ottenbach_schoenenbergerl,5,0.289,26
2017-09-25,reuss_ottenbach_schoenenbergerl,6,0.086,10
2017-10-29,reuss_ottenbach_schoenenbergerl,7,0.052,6
2017-11-26,reuss_ottenbach_schoenenbergerl,8,0.028,3
2017-12-31,reuss_ottenbach_schoenenbergerl,9,0.089,8
2018-01-28,reuss_ottenbach_schoenenbergerl,10,0.122,11
2018-02-25,reuss_ottenbach_schoenenbergerl,11,0.06,7
2018-03-25,reuss_ottenbach_schoenenbergerl,12,0.061,6
2017-04-30,Reuss_St.Karli_LinigerS/ImhofY,1,2.49,122
2017-05-04,Reuss_St.Karli_LinigerS/ImhofY,2,1.214,17
2017-07-07,Reuss_St.Karli_LinigerS/ImhofY,3,1.343,47
2017-10-06,Reuss_St.Karli_LinigerS/ImhofY,4,0.333,28
2017-04-30,Rhein_Basel,1,2.852,174
2017-05-24,Rhein_Basel,2,1.11,91
2017-06-01,Rhein_Basel,3,3.177,197
2017-04-22,Rhein_Basel_BlarerP_1,1,1.574,288
2017-05-29,Rhein_Basel_BlarerP_1,2,1.191,218
2017-06-21,Rhein_Basel_BlarerP_1,3,0.765,150
2017-07-26,Rhein_Basel_BlarerP_1,4,1.209,237
2017-08-30,Rhein_Basel_BlarerP_1,5,0.939,184
2017-09-28,Rhein_Basel_BlarerP_1,6,0.679,133
2017-10-27,Rhein_Basel_BlarerP_1,7,0.511,90
2017-11-24,Rhein_Basel_BlarerP_1,8,0.316,62
2017-12-16,Rhein_Basel_BlarerP_1,9,0.321,63
2018-01-21,Rhein_Basel_BlarerP_1,10,0.273,48
2018-02-26,Rhein_Basel_BlarerP_1,11,0.158,31
2018-03-25,Rhein_Basel_BlarerP_1,12,0.24,47
2017-04-22,Rhein_Basel_BlarerP_2,1,3.667,330
2017-05-29,Rhein_Basel_BlarerP_2,2,3.0,270
2017-06-21,Rhein_Basel_BlarerP_2,3,2.06,206
2017-07-26,Rhein_Basel_BlarerP_2,4,6.16,616
2017-08-30,Rhein_Basel_BlarerP_2,5,3.61,361
2017-09-28,Rhein_Basel_BlarerP_2,6,2.71,271
2017-10-27,Rhein_Basel_BlarerP_2,7,3.567,321
2017-11-24,Rhein_Basel_BlarerP_2,8,1.98,198
2017-12-16,Rhein_Basel_BlarerP_2,9,1.47,147
2018-01-21,Rhein_Basel_BlarerP_2,10,2.833,255
2018-02-26,Rhein_Basel_BlarerP_2,11,1.41,141
2018-03-25,Rhein_Basel_BlarerP_2,12,2.02,202
2017-04-23,Rhein_Basel_HungerbuehlerN,1,0.229,19
2017-05-21,Rhein_Basel_HungerbuehlerN,2,0.08,4
2017-06-30,Rhein_Basel_HungerbuehlerN,3,0.1,2
2017-08-27,Rhein_Basel_HungerbuehlerN,4,0.075,3
2017-09-27,Rhein_Basel_HungerbuehlerN,5,0.35,7
2017-10-29,Rhein_Basel_HungerbuehlerN,6,0.125,5
2017-11-26,Rhein_Basel_HungerbuehlerN,7,0.067,1
2018-03-25,Rhein_Basel_HungerbuehlerN,8,0.133,8
2017-04-22,Rhein_Beach near Tinguely Museum_Bolger. O_Sigrist F.,1,2.493,2643
2017-05-20,Rhein_Beach near Tinguely Museum_Bolger. O_Sigrist F.,2,1.358,1440
2017-06-24,Rhein_Beach near Tinguely Museum_Bolger. O_Sigrist F.,3,4.369,4631
2017-07-22,Rhein_Beach near Tinguely Museum_Bolger. O_Sigrist F.,4,2.161,2291
2017-08-19,Rhein_Beach near Tinguely Museum_Bolger. O_Sigrist F.,5,1.416,1501
2017-09-23,Rhein_Beach near Tinguely Museum_Bolger. O_Sigrist F.,6,0.949,1006
2017-10-21,Rhein_Beach near Tinguely Museum_Bolger. O_Sigrist F.,7,0.992,1042
2017-11-25,Rhein_Beach near Tinguely Museum_Bolger. O_Sigrist F.,8,0.179,190
2017-12-16,Rhein_Beach near Tinguely Museum_Bolger. O_Sigrist F.,9,1.717,206
2018-01-20,Rhein_Beach near Tinguely Museum_Bolger. O_Sigrist F.,10,1.4,84
2018-02-24,Rhein_Beach near Tinguely Museum_Bolger. O_Sigrist F.,11,0.216,151
2018-03-24,Rhein_Beach near Tinguely Museum_Bolger. O_Sigrist F.,12,0.586,703
2017-04-10,rhein_domatems_foppa_f,1,0.2,20
2017-05-22,rhein_domatems_foppa_f,2,0.29,29
2017-06-25,rhein_domatems_foppa_f,3,0.43,43
2017-07-30,rhein_domatems_foppa_f,4,0.37,37
2017-09-25,rhein_domatems_foppa_f,5,0.16,16
2017-10-05,rhein_domatems_foppa_f,6,0.22,22
2017-11-23,rhein_domatems_foppa_f,7,0.24,24
2017-04-12,rhein_eglisau_gomringerp,1,0.5,5
2017-05-22,rhein_eglisau_gomringerp,2,0.3,3
2017-06-27,rhein_eglisau_gomringerp,3,2.1,21
2017-07-23,rhein_eglisau_gomringerp,4,2.0,20
2017-08-30,rhein_eglisau_gomringerp,5,1.3,13
2017-10-25,rhein_eglisau_gomringerp,6,1.3,13
2017-11-30,rhein_eglisau_gomringerp,7,0.3,3
2017-12-31,rhein_eglisau_gomringerp,8,0.1,1
2018-02-28,rhein_eglisau_gomringerp,9,1.1,11
2018-03-31,rhein_eglisau_gomringerp,10,0.2,1
2017-04-18,Rhein_Hemishofen_StollL,1,1.248,412
2017-05-05,Rhein_Hemishofen_StollL,2,0.062,9
2017-06-17,Rhein_Hemishofen_StollL,3,0.208,27
2017-07-23,Rhein_Hemishofen_StollL,4,0.139,23
2017-08-27,Rhein_Hemishofen_StollL,5,0.206,34
2017-09-30,Rhein_Hemishofen_StollL,6,0.06,6
2017-10-29,Rhein_Hemishofen_StollL,7,0.006,1
2017-11-30,Rhein_Hemishofen_StollL,8,0.03,5
2017-12-31,Rhein_Hemishofen_StollL,9,0.006,1
2018-01-30,Rhein_Hemishofen_StollL,10,0.03,3
2018-02-28,Rhein_Hemishofen_StollL,11,0.007,1
2018-03-16,Rhein_Hemishofen_StollL,12,0.002,2
2017-05-06,rhein_laag_jungbluthn,1,0.061,10
2017-05-12,rhein_laag_jungbluthn,2,0.025,4
2017-06-01,rhein_laag_jungbluthn,3,0.049,8
2017-06-18,rhein_laag_jungbluthn,4,0.025,4
2017-06-25,rhein_laag_jungbluthn,5,0.006,1
2017-07-09,rhein_laag_jungbluthn,6,0.012,2
2017-07-22,rhein_laag_jungbluthn,7,0.025,4
2017-08-02,rhein_laag_jungbluthn,8,0.104,17
2017-08-20,rhein_laag_jungbluthn,9,0.012,2
2017-08-27,rhein_laag_jungbluthn,10,0.018,3
2017-09-10,rhein_laag_jungbluthn,11,0.018,3
2017-09-24,rhein_laag_jungbluthn,12,0.012,2
2017-09-27,rhein_laag_jungbluthn,13,0.012,2
2017-10-04,rhein_laag_jungbluthn,14,0.018,3
2017-10-21,rhein_laag_jungbluthn,15,0.006,1
2017-12-15,rhein_laag_jungbluthn,16,0.018,3
2018-03-14,rhein_laag_jungbluthn,17,0.049,8
2017-04-22,sempachersee_sempach_tampec,1,40.962,1065
2017-05-25,sempachersee_sempach_tampec,2,72.769,946
2017-06-27,sempachersee_sempach_tampec,3,91.615,1191
2017-07-15,sempachersee_sempach_tampec,4,22.46,566
2017-08-15,sempachersee_sempach_tampec,5,29.444,371
2017-09-15,sempachersee_sempach_tampec,6,20.132,306
2017-10-28,sempachersee_sempach_tampec,7,14.462,282
2017-11-30,sempachersee_sempach_tampec,8,8.872,173
2018-01-29,sempachersee_sempach_tampec,9,391.72,1230
2018-02-28,sempachersee_sempach_tampec,10,106.375,851
2018-03-31,sempachersee_sempach_tampec,11,125.333,846
2017-04-24,Sense_Törishaus_g-cubes,1,0.284,125
2017-05-19,Sense_Törishaus_g-cubes,2,0.25,100
2017-07-18,Sense_Törishaus_g-cubes,3,0.161,66
2017-04-24,Sihl_Adliswil_Oggi_Fort,1,0.45,45
2017-05-12,Sihl_Adliswil_Oggi_Fort,2,0.54,54
2017-06-13,Sihl_Adliswil_Oggi_Fort,3,0.93,93
2017-07-24,Sihl_Adliswil_Oggi_Fort,4,0.64,64
2017-08-21,Sihl_Adliswil_Oggi_Fort,5,0.81,81
2017-09-18,Sihl_Adliswil_Oggi_Fort,6,0.37,37
2017-10-19,Sihl_Adliswil_Oggi_Fort,7,0.81,81
2017-11-29,Sihl_Adliswil_Oggi_Fort,8,1.11,111
2017-12-27,Sihl_Adliswil_Oggi_Fort,9,0.58,58
2018-01-26,Sihl_Adliswil_Oggi_Fort,10,0.8,80
2018-02-23,Sihl_Adliswil_Oggi_Fort,11,0.97,97
2018-03-17,Sihl_Adliswil_Oggi_Fort,12,1.31,131
2017-04-27,Sihl_Horgen_BucherF,1,0.04,3
2017-05-25,Sihl_Horgen_BucherF,2,0.1,15
2017-06-22,Sihl_Horgen_BucherF,3,0.083,20
2017-07-20,Sihl_Horgen_BucherF,4,0.15,21
2017-08-24,Sihl_Horgen_BucherF,5,0.05,6
2017-09-21,Sihl_Horgen_BucherF,6,0.157,11
2017-10-26,Sihl_Horgen_BucherF,7,0.0,0
2017-12-27,Sihl_Horgen_BucherF,8,0.458,55
2018-01-26,Sihl_Horgen_BucherF,9,0.5,60
2018-02-23,Sihl_Horgen_BucherF,10,0.492,59
2017-04-13,sihl_leimbach_kruegerm,1,0.175,35
2017-05-24,sihl_leimbach_kruegerm,2,0.275,55
2017-06-22,sihl_leimbach_kruegerm,3,0.228,41
2017-07-24,sihl_leimbach_kruegerm,4,0.189,34
2017-08-27,sihl_leimbach_kruegerm,5,0.11,22
2017-05-08,Sihl_Menzingen_Kucharska_Magdalena,1,0.08,4
2017-06-01,Sihl_Menzingen_Kucharska_Magdalena,2,0.3,15
2017-07-15,Sihl_Menzingen_Kucharska_Magdalena,3,0.12,6
2017-08-20,Sihl_Menzingen_Kucharska_Magdalena,4,0.1,5
2017-09-30,Sihl_Menzingen_Kucharska_Magdalena,5,0.06,3
2017-10-30,Sihl_Menzingen_Kucharska_Magdalena,6,0.0,0
2017-11-30,Sihl_Menzingen_Kucharska_Magdalena,7,0.0,0
2017-12-31,Sihl_Menzingen_Kucharska_Magdalena,8,0.0,0
2018-01-29,Sihl_Menzingen_Kucharska_Magdalena,9,0.06,3
2018-02-26,Sihl_Menzingen_Kucharska_Magdalena,10,0.1,5
2018-03-24,Sihl_Menzingen_Kucharska_Magdalena,11,0.2,10
2017-04-09,sihl_zuerich_eggerskoehlingera,1,2.633,79
2017-05-11,sihl_zuerich_eggerskoehlingera,2,0.7,21
2017-06-26,sihl_zuerich_eggerskoehlingera,3,1.6,48
2017-07-24,sihl_zuerich_eggerskoehlingera,4,1.9,57
2017-08-29,sihl_zuerich_eggerskoehlingera,5,1.4,42
2017-09-28,sihl_zuerich_eggerskoehlingera,6,1.0,30
2017-10-26,sihl_zuerich_eggerskoehlingera,7,1.0,30
2017-11-30,sihl_zuerich_eggerskoehlingera,8,1.5,45
2018-01-09,sihl_zuerich_eggerskoehlingera,9,1.867,56
2018-02-28,sihl_zuerich_eggerskoehlingera,10,2.667,80
2017-06-23,Sihl_zuerich_eichenbergerD,1,0.041,8
2017-07-31,Sihl_zuerich_eichenbergerD,2,0.334,96
2017-08-27,Sihl_zuerich_eichenbergerD,3,0.045,6
2017-11-29,Sihl_zuerich_eichenbergerD,4,0.063,5
2018-03-30,Sihl_zuerich_eichenbergerD,5,0.739,17
2017-04-17,Sihl_Zuerich_ScherfS,1,0.08,16
2017-05-21,Sihl_Zuerich_ScherfS,2,0.186,45
2017-06-25,Sihl_Zuerich_ScherfS,3,0.252,61
2017-08-15,Sihl_Zuerich_ScherfS,4,0.107,26
2017-09-17,Sihl_Zuerich_ScherfS,5,0.045,11
2017-10-30,Sihl_Zuerich_ScherfS,6,0.07,17
2017-11-19,Sihl_Zuerich_ScherfS,7,0.093,14
2018-02-21,Sihl_Zuerich_ScherfS,8,0.19,19
2018-03-24,Sihl_Zuerich_ScherfS,9,0.256,62
2017-06-23,sihl_zürich_himmelhebern,1,0.099,20
2017-07-30,sihl_zürich_himmelhebern,2,0.095,23
2018-03-30,sihl_zürich_himmelhebern,3,0.833,10
2017-04-23,sihlsee_einsiedeln_schilligerllacherl,1,0.125,107
2017-05-20,sihlsee_einsiedeln_schilligerllacherl,2,0.053,27
2017-06-18,sihlsee_einsiedeln_schilligerllacherl,3,0.088,22
2017-07-15,sihlsee_einsiedeln_schilligerllacherl,4,0.182,70
2017-08-13,sihlsee_einsiedeln_schilligerllacherl,5,0.025,7
2017-09-23,sihlsee_einsiedeln_schilligerllacherl,6,0.16,40
2017-10-28,sihlsee_einsiedeln_schilligerllacherl,7,0.091,21
2018-03-25,sihlsee_einsiedeln_schilligerllacherl,8,0.196,49
2017-04-14,sitter_gaiserwald_buehlerf,1,0.706,233
2017-05-29,sitter_gaiserwald_buehlerf,2,0.663,199
2017-06-26,sitter_gaiserwald_buehlerf,3,0.467,161
2017-07-10,sitter_gaiserwald_buehlerf,4,0.436,144
2017-08-21,sitter_gaiserwald_buehlerf,5,0.739,229
2017-09-28,sitter_gaiserwald_buehlerf,6,0.383,111
2017-10-20,sitter_gaiserwald_buehlerf,7,0.341,99
2017-11-27,sitter_gaiserwald_buehlerf,8,0.312,82
2017-12-27,sitter_gaiserwald_buehlerf,9,0.431,116
2018-01-28,sitter_gaiserwald_buehlerf,10,0.317,83
2018-03-24,sitter_gaiserwald_buehlerf,11,0.439,125
2017-04-09,Sitter_St.Gallen_JennyA,1,0.513,78
2017-05-28,Sitter_St.Gallen_JennyA,2,0.218,36
2017-06-25,Sitter_St.Gallen_JennyA,3,0.891,114
2017-07-22,Sitter_St.Gallen_JennyA,4,0.411,62
2017-08-13,Sitter_St.Gallen_JennyA,5,0.312,45
2017-09-28,Sitter_St.Gallen_JennyA,6,0.268,60
2017-10-28,Sitter_St.Gallen_JennyA,7,0.077,14
2017-12-31,Sitter_St.Gallen_JennyA,8,0.66,38
2018-01-28,Sitter_St.Gallen_JennyA,9,0.513,142
2018-03-30,Sitter_St.Gallen_JennyA,10,0.283,85
2017-04-12,sitter_stgallen_steinbrunnerf ,1,0.365,95
2017-05-03,sitter_stgallen_steinbrunnerf ,2,0.08,16
2017-06-14,sitter_stgallen_steinbrunnerf ,3,0.115,23
2017-07-05,sitter_stgallen_steinbrunnerf ,4,0.02,4
2017-08-23,sitter_stgallen_steinbrunnerf ,5,0.078,14
2017-09-13,sitter_stgallen_steinbrunnerf ,6,0.095,19
2017-10-25,sitter_stgallen_steinbrunnerf ,7,0.075,15
2017-11-15,sitter_stgallen_steinbrunnerf ,8,0.155,31
2017-12-13,sitter_stgallen_steinbrunnerf ,9,0.1,18
2018-02-07,sitter_stgallen_steinbrunnerf ,10,0.105,21
2018-03-14,sitter_stgallen_steinbrunnerf ,11,0.065,13
2017-04-16,thunersee_spiez_meierd_1,1,0.381,40
2017-05-14,thunersee_spiez_meierd_1,2,0.152,16
2017-06-26,thunersee_spiez_meierd_1,3,0.42,42
2017-07-17,thunersee_spiez_meierd_1,4,0.8,84
2017-08-28,thunersee_spiez_meierd_1,5,0.506,43
2017-09-27,thunersee_spiez_meierd_1,6,0.116,11
2017-10-19,thunersee_spiez_meierd_1,7,0.122,14
2017-11-26,thunersee_spiez_meierd_1,8,0.133,14
2017-12-30,thunersee_spiez_meierd_1,9,0.089,12
2018-01-15,thunersee_spiez_meierd_1,10,0.062,10
2018-02-15,thunersee_spiez_meierd_1,11,0.067,11
2018-03-25,thunersee_spiez_meierd_1,12,0.067,11
2017-04-06,Thur_Schoenenberg_SchaerA,1,0.028,21
2017-04-08,Thur_Schoenenberg_SchaerA,2,0.013,10
2017-04-10,Thur_Schoenenberg_SchaerA,3,0.007,5
2017-04-13,Thur_Schoenenberg_SchaerA,4,0.029,22
2017-04-25,Thur_Schoenenberg_SchaerA,5,0.072,54
2017-05-01,Thur_Schoenenberg_SchaerA,6,0.067,10
2017-05-07,Thur_Schoenenberg_SchaerA,7,0.058,21
2017-05-13,Thur_Schoenenberg_SchaerA,8,0.039,14
2017-05-18,Thur_Schoenenberg_SchaerA,9,0.06,45
2017-05-22,Thur_Schoenenberg_SchaerA,10,0.019,14
2017-05-25,Thur_Schoenenberg_SchaerA,11,0.012,9
2017-05-27,Thur_Schoenenberg_SchaerA,12,0.052,39
2017-05-29,Thur_Schoenenberg_SchaerA,13,0.115,86
2017-06-01,Thur_Schoenenberg_SchaerA,14,0.072,54
2017-06-07,Thur_Schoenenberg_SchaerA,15,0.331,119
2017-06-11,Thur_Schoenenberg_SchaerA,16,0.144,108
2017-06-13,Thur_Schoenenberg_SchaerA,17,0.145,109
2017-06-15,Thur_Schoenenberg_SchaerA,18,0.085,64
2017-06-19,Thur_Schoenenberg_SchaerA,19,0.084,67
2017-06-22,Thur_Schoenenberg_SchaerA,20,0.125,100
2017-06-24,Thur_Schoenenberg_SchaerA,21,0.08,64
2017-06-26,Thur_Schoenenberg_SchaerA,22,0.069,55
2017-06-29,Thur_Schoenenberg_SchaerA,23,0.079,59
2017-07-02,Thur_Schoenenberg_SchaerA,24,0.06,45
2017-07-06,Thur_Schoenenberg_SchaerA,25,0.052,42
2017-07-09,Thur_Schoenenberg_SchaerA,26,0.079,59
2017-07-14,Thur_Schoenenberg_SchaerA,27,0.017,13
2017-07-19,Thur_Schoenenberg_SchaerA,28,0.068,51
2017-07-22,Thur_Schoenenberg_SchaerA,29,0.037,28
2017-07-26,Thur_Schoenenberg_SchaerA,30,0.22,11
2017-07-30,Thur_Schoenenberg_SchaerA,31,0.035,26
2017-08-02,Thur_Schoenenberg_SchaerA,32,0.129,103
2017-08-04,Thur_Schoenenberg_SchaerA,33,0.076,57
2017-08-06,Thur_Schoenenberg_SchaerA,34,0.034,51
2017-08-09,Thur_Schoenenberg_SchaerA,35,0.28,14
2017-08-14,Thur_Schoenenberg_SchaerA,36,0.044,33
2017-08-16,Thur_Schoenenberg_SchaerA,37,0.036,27
2017-08-19,Thur_Schoenenberg_SchaerA,38,0.048,12
2017-08-23,Thur_Schoenenberg_SchaerA,39,0.027,20
2017-08-27,Thur_Schoenenberg_SchaerA,40,0.023,17
2017-08-29,Thur_Schoenenberg_SchaerA,41,0.023,34
2017-08-31,Thur_Schoenenberg_SchaerA,42,0.083,62
2017-09-07,Thur_Schoenenberg_SchaerA,43,0.048,57
2017-09-14,Thur_Schoenenberg_SchaerA,44,0.05,30
2017-09-20,Thur_Schoenenberg_SchaerA,45,0.022,13
2017-09-25,Thur_Schoenenberg_SchaerA,46,0.024,18
2017-09-30,Thur_Schoenenberg_SchaerA,47,0.021,16
2017-10-09,Thur_Schoenenberg_SchaerA,48,0.017,13
2017-10-14,Thur_Schoenenberg_SchaerA,49,0.011,8
2017-10-27,Thur_Schoenenberg_SchaerA,50,0.035,26
2017-11-16,Thur_Schoenenberg_SchaerA,51,0.02,15
2017-11-28,Thur_Schoenenberg_SchaerA,52,0.011,7
2017-12-12,Thur_Schoenenberg_SchaerA,53,0.0,0
2017-12-30,Thur_Schoenenberg_SchaerA,54,0.028,21
2018-01-19,Thur_Schoenenberg_SchaerA,55,0.057,17
2018-01-31,Thur_Schoenenberg_SchaerA,56,0.037,59
2018-02-16,Thur_Schoenenberg_SchaerA,57,0.014,1
2018-02-25,Thur_Schoenenberg_SchaerA,58,0.029,43
2018-03-09,Thur_Schoenenberg_SchaerA,59,0.023,34
2018-03-30,Thur_Schoenenberg_SchaerA,60,0.075,56
2017-05-03,thur_schwarzenbach_meiliw,1,0.205,41
2017-06-09,thur_schwarzenbach_meiliw,2,0.216,54
2017-06-29,thur_schwarzenbach_meiliw,3,0.444,111
2017-07-30,thur_schwarzenbach_meiliw,4,0.26,65
2017-08-30,thur_schwarzenbach_meiliw,5,0.156,39
2017-09-30,thur_schwarzenbach_meiliw,6,0.048,12
2017-10-30,thur_schwarzenbach_meiliw,7,0.092,23
2017-11-30,thur_schwarzenbach_meiliw,8,0.068,17
2017-12-30,thur_schwarzenbach_meiliw,9,0.092,23
2018-01-30,thur_schwarzenbach_meiliw,10,0.196,49
2017-04-24,Töss_Bauma_KurthE,1,2.367,71
2017-05-28,Töss_Bauma_KurthE,2,0.667,20
2017-06-27,Töss_Bauma_KurthE,3,1.367,41
2017-08-07,Töss_Bauma_KurthE,4,0.233,7
2017-08-29,Töss_Bauma_KurthE,5,0.2,6
2017-09-28,Töss_Bauma_KurthE,6,0.3,9
2017-04-29,töss_kollbrunn_bürgid,1,0.489,88
2017-05-28,töss_kollbrunn_bürgid,2,0.311,56
2017-06-30,töss_kollbrunn_bürgid,3,0.267,48
2017-07-21,töss_kollbrunn_bürgid,4,0.133,24
2017-08-30,töss_kollbrunn_bürgid,5,0.061,11
2017-09-29,töss_kollbrunn_bürgid,6,0.056,10
2017-04-08,Töss_Winterthur 2,1,0.208,25
2017-05-13,Töss_Winterthur 2,2,0.08,2
2017-06-24,Töss_Winterthur 2,3,0.708,85
2017-08-05,Töss_Winterthur 2,4,0.347,52
2017-04-22,unterdsee_ermatingen_brunkem,1,0.42,84
2017-06-17,unterdsee_ermatingen_brunkem,2,0.582,64
2017-07-28,unterdsee_ermatingen_brunkem,3,0.196,47
2017-08-20,unterdsee_ermatingen_brunkem,4,0.394,61
2017-12-26,unterdsee_ermatingen_brunkem,5,0.181,49
2018-01-14,unterdsee_ermatingen_brunkem,6,0.258,62
2017-04-12,urnaesch_urnaesch_meierr,1,0.219,35
2017-05-18,urnaesch_urnaesch_meierr,2,0.281,45
2017-06-16,urnaesch_urnaesch_meierr,3,0.112,18
2017-07-20,urnaesch_urnaesch_meierr,4,0.05,8
2017-08-15,urnaesch_urnaesch_meierr,5,0.056,9
2017-09-17,urnaesch_urnaesch_meierr,6,0.181,29
2017-10-15,urnaesch_urnaesch_meierr,7,0.081,13
2017-11-27,urnaesch_urnaesch_meierr,8,0.038,3
2018-01-12,urnaesch_urnaesch_meierr,9,0.106,17
2018-03-14,urnaesch_urnaesch_meierr,10,0.188,30
2017-04-03,vierwaldstättersee_weggis_schöberls_1,1,0.14,7
2017-05-02,vierwaldstättersee_weggis_schöberls_1,2,0.12,6
2017-06-02,vierwaldstättersee_weggis_schöberls_1,3,1.0,1
2017-07-09,vierwaldstättersee_weggis_schöberls_1,4,2.0,4
2017-08-19,vierwaldstättersee_weggis_schöberls_1,5,4.0,8
2017-09-10,vierwaldstättersee_weggis_schöberls_1,6,0.133,2
2017-10-19,vierwaldstättersee_weggis_schöberls_1,7,0.2,5
2017-11-04,vierwaldstättersee_weggis_schöberls_1,8,0.029,1
2017-12-27,vierwaldstättersee_weggis_schöberls_1,9,0.04,2
2018-01-27,vierwaldstättersee_weggis_schöberls_1,10,0.25,5
2018-03-30,vierwaldstättersee_weggis_schöberls_1,11,0.04,2
2017-04-03,vierwaldstättersee_weggis_schöberls_2,1,0.173,26
2017-05-02,vierwaldstättersee_weggis_schöberls_2,2,0.66,99
2017-07-09,vierwaldstättersee_weggis_schöberls_2,3,0.95,95
2017-08-19,vierwaldstättersee_weggis_schöberls_2,4,1.38,69
2017-09-10,vierwaldstättersee_weggis_schöberls_2,5,2.467,74
2017-10-19,vierwaldstättersee_weggis_schöberls_2,6,0.38,38
2017-11-04,vierwaldstättersee_weggis_schöberls_2,7,0.231,30
2017-12-27,vierwaldstättersee_weggis_schöberls_2,8,0.273,41
2018-01-27,vierwaldstättersee_weggis_schöberls_2,9,0.96,48
2018-03-30,vierwaldstättersee_weggis_schöberls_2,10,0.54,81
2017-04-03,vierwaldstättersee_weggis_schöberls_3,1,0.54,81
2017-05-02,vierwaldstättersee_weggis_schöberls_3,2,0.4,60
2017-06-02,vierwaldstättersee_weggis_schöberls_3,3,1.2,36
2017-07-09,vierwaldstättersee_weggis_schöberls_3,4,0.425,34
2017-08-19,vierwaldstättersee_weggis_schöberls_3,5,1.16,58
2017-09-10,vierwaldstättersee_weggis_schöberls_3,6,1.933,29
2017-10-19,vierwaldstättersee_weggis_schöberls_3,7,0.24,24
2017-11-04,vierwaldstättersee_weggis_schöberls_3,8,0.13,13
2017-12-27,vierwaldstättersee_weggis_schöberls_3,9,0.253,38
2018-01-27,vierwaldstättersee_weggis_schöberls_3,10,0.54,27
2018-03-30,vierwaldstättersee_weggis_schöberls_3,11,0.18,27
2017-05-23,vorderrhein_disentis_schmidn,1,0.228,41
2017-06-29,vorderrhein_disentis_schmidn,2,0.111,20
2017-07-30,vorderrhein_disentis_schmidn,3,0.083,15
2017-08-30,vorderrhein_disentis_schmidn,4,0.033,6
2017-09-17,vorderrhein_disentis_schmidn,5,0.039,7
2017-10-31,vorderrhein_disentis_schmidn,6,0.017,3
2017-11-30,vorderrhein_disentis_schmidn,7,0.006,1
2017-12-30,vorderrhein_disentis_schmidn,8,0.0,0
2018-01-17,vorderrhein_disentis_schmidn,9,0.006,1
2018-02-26,vorderrhein_disentis_schmidn,10,0.0,0
2018-03-29,vorderrhein_disentis_schmidn,11,0.028,5
2017-05-24,Walensee_Walenstadt_WyssE,1,0.583,204
2017-06-14,Walensee_Walenstadt_WyssE,2,0.764,191
2017-07-22,Walensee_Walenstadt_WyssE,3,0.989,348
2017-08-23,Walensee_Walenstadt_WyssE,4,1.887,566
2017-09-30,Walensee_Walenstadt_WyssE,5,4.061,731
2017-10-27,Walensee_Walenstadt_WyssE,6,0.415,191
2017-12-13,Walensee_Walenstadt_WyssE,7,0.329,115
2017-12-30,Walensee_Walenstadt_WyssE,8,0.645,129
2018-01-24,Walensee_Walenstadt_WyssE,9,0.608,152
2018-02-28,Walensee_Walenstadt_WyssE,10,0.234,159
2018-03-28,Walensee_Walenstadt_WyssE,11,0.656,459
2017-04-09,zuerichsee_maennedorf_vanderkaadene,1,1.5,21
2017-05-08,zuerichsee_maennedorf_vanderkaadene,2,0.786,11
2017-06-08,zuerichsee_maennedorf_vanderkaadene,3,3.786,53
2017-07-10,zuerichsee_maennedorf_vanderkaadene,4,6.571,92
2017-08-10,zuerichsee_maennedorf_vanderkaadene,5,1.786,25
2017-09-26,zuerichsee_maennedorf_vanderkaadene,6,3.143,44
2017-10-26,zuerichsee_maennedorf_vanderkaadene,7,0.714,10
2017-11-27,zuerichsee_maennedorf_vanderkaadene,8,0.571,8
2017-12-28,zuerichsee_maennedorf_vanderkaadene,9,3.357,47
2018-01-26,zuerichsee_maennedorf_vanderkaadene,10,8.571,120
2018-02-23,zuerichsee_maennedorf_vanderkaadene,11,2.214,31
2018-03-22,zuerichsee_maennedorf_vanderkaadene,12,2.143,30
2017-04-10,zuerichsee_richterswil_benkoem_2,1,5.348,173
2017-05-10,zuerichsee_richterswil_benkoem_2,2,3.75,108
2017-06-10,zuerichsee_richterswil_benkoem_2,3,4.668,151
2017-07-16,zuerichsee_richterswil_benkoem_2,4,2.806,75
2017-08-12,zuerichsee_richterswil_benkoem_2,5,4.076,86
2017-09-10,zuerichsee_richterswil_benkoem_2,6,2.409,63
2017-10-11,zuerichsee_richterswil_benkoem_2,7,1.207,30
2017-11-07,zuerichsee_richterswil_benkoem_2,8,1.231,32
2017-12-13,zuerichsee_richterswil_benkoem_2,9,0.754,20
2018-02-25,zuerichsee_richterswil_benkoem_2,10,1.092,35
2018-03-25,zuerichsee_richterswil_benkoem_2,11,1.004,40
2017-04-24,zuerichsee_staefa_hennm,1,6.84,171
2017-05-22,zuerichsee_staefa_hennm,2,2.6,65
2017-06-26,zuerichsee_staefa_hennm,3,4.261,98
2017-08-18,zuerichsee_staefa_hennm,4,3.13,72
2017-09-29,zuerichsee_staefa_hennm,5,4.25,85
2017-11-23,zuerichsee_staefa_hennm,6,4.0,88
2018-01-19,zuerichsee_staefa_hennm,7,1.609,37
2018-03-09,zuerichsee_staefa_hennm,8,4.56,114
2017-04-10,zuerichsee_waedenswil_colomboc_1,1,1.575,40
2017-05-10,zuerichsee_waedenswil_colomboc_1,2,0.874,19
2017-06-10,zuerichsee_waedenswil_colomboc_1,3,1.811,46
2017-07-16,zuerichsee_waedenswil_colomboc_1,4,0.793,23
2017-08-12,zuerichsee_waedenswil_colomboc_1,5,2.414,35
2017-09-10,zuerichsee_waedenswil_colomboc_1,6,1.204,24
2017-10-11,zuerichsee_waedenswil_colomboc_1,7,0.632,12
2017-12-27,zuerichsee_waedenswil_colomboc_1,8,0.803,16
2018-02-26,zuerichsee_waedenswil_colomboc_1,9,1.165,38
2018-03-25,zuerichsee_waedenswil_colomboc_1,10,0.69,20
2017-04-15,zuerichsee_zurich_kullg,1,1.212,257
2017-05-30,zuerichsee_zurich_kullg,2,3.231,685
2017-06-27,zuerichsee_zurich_kullg,3,3.222,683
2017-07-28,zuerichsee_zurich_kullg,4,4.745,1006
2017-08-31,zuerichsee_zurich_kullg,5,2.887,612
2017-09-24,zuerichsee_zurich_kullg,6,1.741,369
2017-10-22,zuerichsee_zurich_kullg,7,1.302,276
2017-11-15,zuerichsee_zurich_kullg,8,0.821,174
2017-12-25,zuerichsee_zurich_kullg,9,0.547,116
2018-01-24,zuerichsee_zurich_kullg,10,0.646,137
2018-02-28,zuerichsee_zurich_kullg,11,0.401,85
2018-03-30,zuerichsee_zurich_kullg,12,0.448,95
2017-04-30,zugersee_Immensee_Guedesd,1,3.269,170
2017-05-31,zugersee_Immensee_Guedesd,2,2.694,132
2017-06-30,zugersee_Immensee_Guedesd,3,3.12,156
2017-07-27,zugersee_Immensee_Guedesd,4,2.2,110
2017-08-31,zugersee_Immensee_Guedesd,5,2.96,148
2017-09-28,zugersee_Immensee_Guedesd,6,3.08,154
2017-10-27,zugersee_Immensee_Guedesd,7,2.88,144
2017-11-29,zugersee_Immensee_Guedesd,8,0.0,0
2018-01-30,zugersee_Immensee_Guedesd,9,3.48,174
2018-03-31,zugersee_Immensee_Guedesd,10,1.66,83
2017-04-13,ZugerseeCholler_Cham_BlarerM,1,0.384,73
2017-05-12,ZugerseeCholler_Cham_BlarerM,2,0.328,59
2017-06-21,ZugerseeCholler_Cham_BlarerM,3,0.424,84
2017-07-11,ZugerseeCholler_Cham_BlarerM,4,0.505,99
2017-08-13,ZugerseeCholler_Cham_BlarerM,5,0.458,87
2017-09-10,ZugerseeCholler_Cham_BlarerM,6,0.556,100
2017-10-25,ZugerseeCholler_Cham_BlarerM,7,0.32,64
2017-11-07,ZugerseeCholler_Cham_BlarerM,8,0.1,21
2017-12-22,ZugerseeCholler_Cham_BlarerM,9,0.106,18
2018-01-13,ZugerseeCholler_Cham_BlarerM,10,0.183,33
2018-02-13,ZugerseeCholler_Cham_BlarerM,11,0.195,37
2018-03-10,ZugerseeCholler_Cham_BlarerM,12,0.143,30
2017-04-08,zulg_steffisburg_schmassmanne,1,0.049,11
2017-05-06,zulg_steffisburg_schmassmanne,2,0.053,6
2017-06-10,zulg_steffisburg_schmassmanne,3,0.044,4
2017-07-22,zulg_steffisburg_schmassmanne,4,0.046,7
2017-08-22,zulg_steffisburg_schmassmanne,5,0.083,15
2017-09-23,zulg_steffisburg_schmassmanne,6,0.01,2
2017-10-24,zulg_steffisburg_schmassmanne,7,0.118,58
2017-11-27,zulg_steffisburg_schmassmanne,8,0.002,1
2017-12-27,zulg_steffisburg_schmassmanne,9,0.013,4
2018-01-24,zulg_steffisburg_schmassmanne,10,0.015,3
2018-02-13,zulg_steffisburg_schmassmanne,11,0.0,0
2018-03-24,zulg_steffisburg_schmassmanne,12,0.01,3
2017-04-17,Zürichsee_Küsnachterhorn_Thirkell-WhiteJ,1,2.175,87
2017-05-26,Zürichsee_Küsnachterhorn_Thirkell-WhiteJ,2,1.6,64
2017-06-18,Zürichsee_Küsnachterhorn_Thirkell-WhiteJ,3,5.04,126
2017-07-30,Zürichsee_Küsnachterhorn_Thirkell-WhiteJ,4,1.84,46
2017-10-22,Zürichsee_Küsnachterhorn_Thirkell-WhiteJ,5,2.04,51
2017-11-28,Zürichsee_Küsnachterhorn_Thirkell-WhiteJ,6,1.24,31
2017-12-10,Zürichsee_Küsnachterhorn_Thirkell-WhiteJ,7,1.027,19
2018-01-28,Zürichsee_Küsnachterhorn_Thirkell-WhiteJ,8,2.833,51
2018-02-28,Zürichsee_Küsnachterhorn_Thirkell-WhiteJ,9,1.2,30
2018-03-31,Zürichsee_Küsnachterhorn_Thirkell-WhiteJ,10,2.68,67
2017-04-17,zürichsee_wollishofen_langendorfm,1,0.796,398
2017-05-16,zürichsee_wollishofen_langendorfm,2,0.553,268
2017-06-18,zürichsee_wollishofen_langendorfm,3,0.97,353
2017-07-28,zürichsee_wollishofen_langendorfm,4,0.31,150
2017-08-14,zürichsee_wollishofen_langendorfm,5,1.715,211
2017-09-21,zürichsee_wollishofen_langendorfm,6,0.4,180
2017-10-16,zürichsee_wollishofen_langendorfm,7,0.635,254
2017-11-20,zürichsee_wollishofen_langendorfm,8,0.313,141
2017-12-12,zürichsee_wollishofen_langendorfm,9,0.173,78
2018-01-19,zürichsee_wollishofen_langendorfm,10,0.156,78
2018-02-13,zürichsee_wollishofen_langendorfm,11,0.044,42
2018-03-22,zürichsee_wollishofen_langendorfm,12,0.608,304
2017-04-19,Zürichsee-Feldeggstr-BänningerSand,1,1.74,174
2017-06-20,Zürichsee-Feldeggstr-BänningerSand,2,5.33,533
2017-07-20,Zürichsee-Feldeggstr-BänningerSand,3,2.85,285
2017-08-23,Zürichsee-Feldeggstr-BänningerSand,4,7.71,771
2017-09-27,Zürichsee-Feldeggstr-BänningerSand,5,5.41,541
2017-10-25,Zürichsee-Feldeggstr-BänningerSand,6,4.41,441
2017-11-29,Zürichsee-Feldeggstr-BänningerSand,7,1.12,112
2018-01-23,Zürichsee-Feldeggstr-BänningerSand,8,3.78,378
2018-02-24,Zürichsee-Feldeggstr-BänningerSand,9,3.16,316
2018-03-26,Zürichsee-Feldeggstr-BänningerSand,10,4.44,444
