location,date,sample,density,quantity
Aare_Bern_CaveltiN,2017-04-02,1.0,1.679,47.0
Aare_Bern_CaveltiN,2017-05-06,2.0,1.536,43.0
Aare_bern_gerberm,2017-04-14,1.0,1.73,154.0
Aare_bern_gerberm,2017-05-21,2.0,0.225,20.0
Aare_bern_gerberm,2017-06-26,3.0,0.798,71.0
Aare_bern_gerberm,2017-07-31,4.0,1.258,112.0
Aare_bern_gerberm,2017-08-29,5.0,1.966,175.0
Aare_bern_gerberm,2017-09-26,6.0,2.326,207.0
Aare_bern_gerberm,2017-10-31,7.0,1.213,108.0
Aare_bern_gerberm,2017-11-17,8.0,0.742,66.0
Aare_bern_gerberm,2017-12-26,9.0,1.079,96.0
Aare_bern_gerberm,2018-01-27,10.0,2.101,187.0
aare_bern_scheurerk,2017-04-02,1.0,0.022,2.0
aare_bern_scheurerk,2017-05-21,2.0,0.0,0.0
aare_bern_scheurerk,2017-07-09,3.0,0.87,80.0
aare_bern_scheurerk,2017-08-31,4.0,0.0,0.0
aare_bern_scheurerk,2017-09-15,5.0,0.283,26.0
aare_bern_scheurerk,2017-10-21,6.0,0.141,13.0
aare_bern_scheurerk,2017-11-16,7.0,0.38,35.0
aare_bern_scheurerk,2018-01-23,8.0,0.0,0.0
Aare_Brugg_BuchiE,2017-04-12,1.0,2.45,49.0
Aare_Brugg_BuchiE,2017-05-08,2.0,2.2,44.0
Aare_Brugg_BuchiE,2017-06-13,3.0,1.2,24.0
Aare_Brugg_BuchiE,2017-07-20,4.0,2.5,50.0
Aare_Brugg_BuchiE,2017-08-26,5.0,3.45,69.0
Aare_Brugg_BuchiE,2017-09-25,6.0,1.1,22.0
Aare_Brugg_BuchiE,2017-11-04,7.0,0.2,4.0
Aare_Brugg_BuchiE,2017-11-27,8.0,0.15,3.0
Aare_Brugg_BuchiE,2017-12-28,9.0,0.4,8.0
Aare_Brugg_BuchiE,2018-02-04,10.0,0.25,5.0
Aare_Elfenau_cataldiv,2017-04-29,1.0,0.211,4.0
Aare_Elfenau_cataldiv,2017-05-20,2.0,0.158,3.0
Aare_Elfenau_cataldiv,2017-06-29,3.0,3.842,73.0
Aare_Elfenau_cataldiv,2017-07-23,4.0,0.368,7.0
Aare_Elfenau_cataldiv,2017-09-09,5.0,5.421,103.0
Aare_Elfenau_cataldiv,2018-01-06,6.0,0.105,2.0
aare_kehrsatz_stolten,2017-04-07,1.0,0.174,8.0
aare_kehrsatz_stolten,2017-05-03,2.0,0.196,9.0
aare_kehrsatz_stolten,2017-06-14,3.0,0.196,9.0
aare_kehrsatz_stolten,2017-07-03,4.0,0.109,5.0
aare_kehrsatz_stolten,2017-08-25,5.0,0.109,5.0
aare_kehrsatz_stolten,2017-09-21,6.0,0.196,9.0
aare_kehrsatz_stolten,2017-10-16,7.0,0.043,2.0
aare_kehrsatz_stolten,2017-11-08,8.0,0.152,7.0
aare_kehrsatz_stolten,2017-12-13,9.0,0.0,0.0
aare_kehrsatz_stolten,2018-01-17,10.0,0.065,3.0
aare_kehrsatz_stolten,2018-02-28,11.0,0.022,1.0
aare_köniz_hoppej,2017-04-23,1.0,1.682,37.0
aare_köniz_hoppej,2017-05-31,2.0,0.0,0.0
aare_köniz_hoppej,2017-06-28,3.0,7.909,174.0
aare_köniz_hoppej,2017-07-24,4.0,4.818,106.0
aare_köniz_hoppej,2017-08-28,5.0,4.864,107.0
aare_köniz_hoppej,2017-09-25,6.0,6.045,133.0
aare_köniz_hoppej,2017-10-23,7.0,1.455,32.0
aare_köniz_hoppej,2017-11-20,8.0,0.727,16.0
aare_köniz_hoppej,2017-12-25,9.0,2.136,47.0
aare_köniz_hoppej,2018-01-24,10.0,1.727,38.0
aare_köniz_hoppej,2018-02-19,11.0,1.091,24.0
aare_rupperswil_badert,2017-04-13,1.0,0.478,22.0
aare_rupperswil_badert,2017-05-05,2.0,0.283,13.0
aare_rupperswil_badert,2017-06-23,3.0,0.283,13.0
aare_rupperswil_badert,2017-07-14,4.0,0.283,13.0
aare_rupperswil_badert,2017-08-18,5.0,0.152,7.0
aare_rupperswil_badert,2017-09-15,6.0,0.109,5.0
aare_rupperswil_badert,2017-10-13,7.0,0.217,10.0
aare_rupperswil_badert,2017-11-10,8.0,0.087,4.0
aare_rupperswil_badert,2017-12-24,9.0,0.022,1.0
aare_rupperswil_badert,2018-01-20,10.0,0.022,1.0
aare_rupperswil_badert,2018-02-10,11.0,0.043,2.0
aare_solothurn_nguyena,2017-04-21,1.0,0.351,13.0
aare_solothurn_nguyena,2017-05-10,2.0,0.73,27.0
aare_solothurn_nguyena,2017-07-23,3.0,1.324,49.0
aare_suhrespitz_badert,2017-04-13,1.0,2.509,138.0
aare_suhrespitz_badert,2017-05-05,2.0,1.109,61.0
aare_suhrespitz_badert,2017-06-23,3.0,2.218,122.0
aare_suhrespitz_badert,2017-07-14,4.0,1.8,99.0
aare_suhrespitz_badert,2017-08-18,5.0,1.473,81.0
aare_suhrespitz_badert,2017-09-15,6.0,1.182,65.0
aare_suhrespitz_badert,2017-10-13,7.0,1.909,105.0
aare_suhrespitz_badert,2017-11-10,8.0,0.927,51.0
aare_suhrespitz_badert,2017-12-23,9.0,0.636,35.0
aare_suhrespitz_badert,2018-01-20,10.0,0.436,24.0
aare_suhrespitz_badert,2018-02-10,11.0,0.509,28.0
aarezufluss_bern_scheurerk,2017-04-02,1.0,0.5,9.0
aarezufluss_bern_scheurerk,2017-05-21,2.0,0.0,0.0
aarezufluss_bern_scheurerk,2017-07-09,3.0,0.056,1.0
aarezufluss_bern_scheurerk,2017-09-15,4.0,0.5,9.0
aarezufluss_bern_scheurerk,2017-11-19,5.0,0.833,15.0
aarezufluss_bern_scheurerk,2018-02-13,6.0,0.278,5.0
arve_carouge_battistellak,2017-04-17,1.0,2.875,161.0
arve_carouge_battistellak,2017-05-25,2.0,1.679,94.0
arve_carouge_battistellak,2017-06-27,3.0,4.179,234.0
arve_carouge_battistellak,2017-07-31,4.0,2.25,126.0
arve_carouge_battistellak,2017-08-28,5.0,1.679,94.0
arve_carouge_battistellak,2017-09-30,6.0,3.0,168.0
arve_carouge_battistellak,2017-10-31,7.0,0.714,40.0
Berlingen swisslitterreport,2017-04-08,1.0,1.28,256.0
Bielersee_Vinelz_FankhauserS,2017-04-22,1.0,3.0,105.0
Bielersee_Vinelz_FankhauserS,2017-05-27,2.0,3.143,110.0
Bielersee_Vinelz_FankhauserS,2017-06-30,3.0,3.743,131.0
Bielersee_Vinelz_FankhauserS,2017-07-29,4.0,1.343,47.0
Bielersee_Vinelz_FankhauserS,2017-08-26,5.0,2.629,92.0
Bielersee_Vinelz_FankhauserS,2017-09-29,6.0,1.629,57.0
Bielersee_Vinelz_FankhauserS,2017-10-29,7.0,1.029,36.0
Bielersee_Vinelz_FankhauserS,2017-11-30,8.0,5.457,191.0
Bielersee_Vinelz_FankhauserS,2017-12-30,9.0,3.343,117.0
Bielersee_Vinelz_FankhauserS,2018-01-31,10.0,4.171,146.0
Birs_Basel_GrunerN,2017-04-15,1.0,3.559,121.0
Birs_Basel_GrunerN,2017-05-21,2.0,2.206,75.0
Birs_Basel_GrunerN,2017-10-29,3.0,5.706,194.0
Birs_basel_läderachs,2017-04-29,1.0,1.429,40.0
Birs_basel_läderachs,2017-05-28,2.0,3.679,103.0
Birs_basel_läderachs,2017-07-01,3.0,2.393,67.0
Birs_basel_läderachs,2017-07-31,4.0,3.321,93.0
Birs_basel_läderachs,2017-09-30,5.0,2.25,63.0
Birs_basel_läderachs,2017-12-30,6.0,0.714,20.0
Birs_Reinach_DiNucciN,2017-04-18,1.0,4.944,178.0
Birs_Reinach_DiNucciN,2017-05-29,2.0,3.833,138.0
Birs_Reinach_DiNucciN,2017-08-25,3.0,1.833,66.0
Birs_Reinach_DiNucciN,2017-09-30,4.0,,
Birs_Reinach_DiNucciN,2017-10-30,5.0,,
Birs_Reinach_DiNucciN,2017-11-30,6.0,,
Birs_Reinach_DiNucciN,2017-12-27,7.0,2.111,76.0
Birs_Reinach_DiNucciN,2018-01-31,8.0,1.972,71.0
Birsköpfli Rusco,2017-04-22,1.0,7.44,372.0
Birsköpfli Rusco,2017-05-21,2.0,6.0,300.0
Birsköpfli Rusco,2017-06-26,3.0,16.06,803.0
Birsköpfli Rusco,2017-07-25,4.0,6.62,331.0
Birsköpfli Rusco,2017-08-29,5.0,10.16,508.0
Birsköpfli Rusco,2017-10-03,6.0,1.14,57.0
Birsköpfli Rusco,2017-11-05,7.0,0.66,33.0
Birsköpfli Rusco,2017-12-03,8.0,1.12,56.0
Birsköpfli Rusco,2018-01-06,9.0,0.0,0.0
Birsköpfli Rusco,2018-02-11,10.0,3.56,178.0
bodensee_altenrhein_caluoria,2017-04-05,1.0,14.05,281.0
Bodensee_Arbon_MösliS,2017-04-05,1.0,1.567,47.0
Bodensee_Arbon_MösliS,2017-05-09,2.0,0.7,21.0
Bodensee_Arbon_MösliS,2017-06-23,3.0,1.067,32.0
Bodensee_Arbon_MösliS,2017-08-29,4.0,0.667,20.0
Bodensee_Arbon_MösliS,2017-09-27,5.0,0.933,28.0
Bodensee_Arbon_MösliS,2017-10-04,6.0,0.5,15.0
Bodensee_Arbon_MösliS,2017-11-15,7.0,1.133,34.0
Bodensee_Arbon_MösliS,2017-12-27,8.0,0.567,17.0
Bodensee_Arbon_MösliS,2018-01-31,9.0,0.733,22.0
Bodensee_Arbon_MösliS,2018-02-28,10.0,0.367,11.0
bodensee_horn_huberm,2017-04-30,1.0,13.4,201.0
Bodensee_Steinach_Dolder_A,2017-04-22,1.0,1.359,125.0
Bodensee_Steinach_Dolder_A,2017-05-29,2.0,1.728,159.0
Bodensee_Steinach_Dolder_A,2017-06-29,3.0,2.076,191.0
Bodensee_Steinach_Dolder_A,2017-07-31,4.0,1.598,147.0
Bodensee_Steinach_Dolder_A,2017-08-30,5.0,2.815,259.0
Bodensee_Steinach_Dolder_A,2017-09-30,6.0,1.511,139.0
Bodensee_Steinach_Dolder_A,2017-10-27,7.0,1.25,115.0
Bodensee_Steinach_Dolder_A,2017-11-26,8.0,1.88,173.0
Bodensee_Steinach_Dolder_A,2017-12-29,9.0,1.717,158.0
Bodensee_Steinach_Dolder_A,2018-01-26,10.0,1.37,126.0
Bodensee_Steinach_Dolder_A,2018-02-28,11.0,2.043,188.0
bodensee_thal_schlachterj_1,2017-10-29,1.0,0.438,14.0
bodensee_thal_schlachterj_1,2017-11-30,2.0,0.969,31.0
bodensee_thal_schlachterj_1,2017-12-29,3.0,0.625,20.0
chriesbach_duebendorf_schneidera,2017-04-04,1.0,1.686,86.0
chriesbach_duebendorf_schneidera,2017-05-11,2.0,1.529,78.0
chriesbach_duebendorf_schneidera,2017-06-13,3.0,0.451,23.0
chriesbach_duebendorf_schneidera,2017-07-11,4.0,1.157,59.0
chriesbach_duebendorf_schneidera,2017-08-16,5.0,0.255,13.0
chriesbach_duebendorf_schneidera,2017-09-19,6.0,0.137,7.0
chriesbach_duebendorf_schneidera,2017-10-05,7.0,0.314,16.0
chriesbach_duebendorf_schneidera,2017-11-15,8.0,0.392,20.0
chriesbach_duebendorf_schneidera,2017-12-06,9.0,0.373,19.0
chriesbach_duebendorf_schneidera,2018-01-08,10.0,1.51,77.0
chriesbach_duebendorf_schneidera,2018-02-05,11.0,1.941,99.0
emme_biberist_jennim,2017-04-28,1.0,0.533,8.0
emme_biberist_jennim,2017-05-19,2.0,0.667,10.0
emme_biberist_jennim,2017-06-04,3.0,3.333,50.0
emme_biberist_jennim,2017-07-04,4.0,1.467,22.0
emme_biberist_jennim,2017-08-07,5.0,1.933,29.0
emme_biberist_jennim,2017-09-08,6.0,1.8,27.0
emme_biberist_jennim,2017-10-18,7.0,1.333,20.0
emme_biberist_jennim,2017-11-16,8.0,0.8,12.0
emme_biberist_jennim,2017-12-14,9.0,0.6,9.0
emme_biberist_jennim,2018-01-11,10.0,0.933,14.0
emme_biberist_jennim,2018-02-02,11.0,1.0,15.0
emme_luterbach_huggenbergerk,2017-04-10,1.0,0.42,68.0
emme_luterbach_huggenbergerk,2017-05-11,2.0,0.074,12.0
emme_luterbach_huggenbergerk,2017-06-28,3.0,0.512,83.0
emme_luterbach_huggenbergerk,2017-07-29,4.0,0.074,12.0
emme_luterbach_huggenbergerk,2017-08-30,5.0,0.21,34.0
emme_luterbach_huggenbergerk,2017-09-30,6.0,0.123,20.0
emme_luterbach_huggenbergerk,2017-10-30,7.0,0.006,1.0
Emme_Utzenstorf_Grüttert,2017-04-13,1.0,1.222,11.0
Emme_Utzenstorf_Grüttert,2017-05-02,2.0,0.444,4.0
Emme_Utzenstorf_Grüttert,2017-07-21,3.0,0.667,6.0
Emme_Utzenstorf_Grüttert,2017-08-30,4.0,0.556,5.0
Emme_Utzenstorf_Grüttert,2017-11-30,5.0,0.222,2.0
Emme_Utzenstorf_Grüttert,2017-12-31,6.0,0.0,0.0
Emme_Utzenstorf_Grüttert,2018-01-30,7.0,0.444,4.0
Emme_Utzenstorf_Grüttert,2018-02-27,8.0,0.333,3.0
glatt_oerlikon_covosN,2017-05-21,1.0,2.333,14.0
glatt_oerlikon_covosN,2017-07-09,2.0,1.667,10.0
glatt_oerlikon_covosN,2017-08-30,3.0,0.167,1.0
glatt_oerlikon_covosN,2017-10-15,4.0,2.167,13.0
glatt_oerlikon_covosN,2018-01-21,5.0,1.833,11.0
glatt_oerlikon_covosN,2018-02-25,6.0,1.833,11.0
goldach_goldach_schlachterj,2017-10-29,1.0,0.421,8.0
goldach_goldach_schlachterj,2017-11-30,2.0,0.158,3.0
goldach_goldach_schlachterj,2017-12-29,3.0,0.316,6.0
greifensee_fällanden_meistery,2017-04-05,1.0,2.368,135.0
greifensee_fällanden_meistery,2017-05-08,2.0,2.018,115.0
greifensee_fällanden_meistery,2017-06-06,3.0,2.737,156.0
greifensee_fällanden_meistery,2017-07-05,4.0,1.702,97.0
greifensee_fällanden_meistery,2017-08-21,5.0,1.193,68.0
greifensee_fällanden_simmenc,2017-04-29,1.0,1.63,220.0
greifensee_greifensee_simmenc,2017-04-30,1.0,7.208,382.0
greifensee_greifensee_simmenc,2017-05-30,2.0,37.981,2013.0
greifensee_greifensee_simmenc,2017-06-29,3.0,15.189,805.0
greifensee_greifensee_simmenc,2017-08-02,4.0,16.491,874.0
greifensee_greifensee_simmenc,2017-10-05,5.0,7.377,391.0
greifensee_greifensee_simmenc,2018-01-05,6.0,5.321,282.0
greifensee_greifensee_simmenc,2018-01-31,7.0,6.66,353.0
greifensee_maur_simmenc,2017-04-29,1.0,0.93,40.0
greifensee_maur_simmenc,2017-05-31,2.0,3.698,159.0
greifensee_maur_simmenc,2017-06-30,3.0,3.14,135.0
greifensee_uster_fischerb_ 2,2017-04-21,1.0,2.08,52.0
greifensee_uster_fischerb_ 2,2017-05-28,2.0,2.4,60.0
greifensee_uster_fischerb_ 2,2017-06-19,3.0,3.44,86.0
greifensee_uster_fischerb_ 2,2017-07-24,4.0,6.04,151.0
greifensee_uster_fischerb_ 2,2017-08-30,5.0,0.56,14.0
greifensee_uster_fischerb_ 2,2017-09-25,6.0,1.28,32.0
greifensee_uster_fischerb_ 2,2017-10-19,7.0,0.84,21.0
greifensee_uster_fischerb_1,2017-04-21,1.0,1.806,65.0
greifensee_uster_fischerb_1,2017-05-28,2.0,1.056,38.0
greifensee_uster_fischerb_1,2017-06-19,3.0,3.083,111.0
greifensee_uster_fischerb_1,2017-07-24,4.0,7.083,255.0
greifensee_uster_fischerb_1,2017-08-30,5.0,1.139,41.0
greifensee_uster_fischerb_1,2017-09-25,6.0,0.25,9.0
greifensee_uster_fischerb_1,2017-10-19,7.0,0.806,29.0
Grendelbach_Effretikon_DamboneC,2017-04-09,1.0,0.857,12.0
Grendelbach_Effretikon_DamboneC,2017-05-08,2.0,2.5,35.0
Grendelbach_Effretikon_DamboneC,2017-06-12,3.0,1.286,18.0
Grendelbach_Effretikon_DamboneC,2017-07-03,4.0,0.714,10.0
Inn_Pradella_KohlT,2017-04-14,1.0,0.649,48.0
Inn_Pradella_KohlT,2017-05-23,2.0,0.054,4.0
Inn_Pradella_KohlT,2017-06-18,3.0,0.054,4.0
Inn_Pradella_KohlT,2017-07-20,4.0,0.297,22.0
Inn_Pradella_KohlT,2017-08-20,5.0,0.081,6.0
Inn_Pradella_KohlT,2017-09-15,6.0,0.027,2.0
Inn_Pradella_KohlT,2017-10-20,7.0,0.054,4.0
Inn_Pradella_KohlT,2017-11-12,8.0,,
Inn_Pradella_KohlT,2017-12-19,9.0,,
Inn_Pradella_KohlT,2018-02-16,11.0,0.0,0.0
jona_tann_nusslin,2017-04-03,1.0,1.333,16.0
jona_tann_nusslin,2017-05-12,2.0,2.167,26.0
jona_tann_nusslin,2017-06-25,3.0,4.0,48.0
jona_tann_nusslin,2017-07-15,4.0,3.167,38.0
jona_tann_nusslin,2017-08-22,5.0,5.417,65.0
jona_tann_nusslin,2017-09-30,6.0,2.417,29.0
jona_tann_nusslin,2017-10-29,7.0,0.5,6.0
jona_tann_nusslin,2017-11-30,8.0,1.583,19.0
jona_tann_nusslin,2017-12-31,9.0,1.333,16.0
jona_tann_nusslin,2018-01-31,10.0,1.5,18.0
jona_tann_nusslin,2018-02-22,11.0,0.667,8.0
katzenbach_zuerich_sanesim,2017-04-30,1.0,0.071,7.0
katzenbach_zuerich_sanesim,2017-05-25,2.0,0.091,9.0
katzenbach_zuerich_sanesim,2017-06-29,3.0,0.071,7.0
katzenbach_zuerich_sanesim,2017-07-18,4.0,0.172,17.0
katzenbach_zuerich_sanesim,2017-08-21,5.0,0.141,14.0
katzenbach_zuerich_sanesim,2017-09-28,6.0,0.152,15.0
katzenbach_zuerich_sanesim,2017-11-04,7.0,0.141,14.0
katzenbach_zuerich_sanesim,2017-11-29,8.0,0.152,15.0
katzenbach_zuerich_sanesim,2017-12-31,9.0,0.091,9.0
katzenbach_zuerich_sanesim,2018-01-24,10.0,0.02,2.0
katzenbach_zuerich_sanesim,2018-02-28,11.0,0.121,12.0
katzensee_regensdorfzuerichaffoltern_stueberj,2017-04-04,1.0,2.857,180.0
katzensee_regensdorfzuerichaffoltern_stueberj,2017-05-03,2.0,3.921,247.0
katzensee_regensdorfzuerichaffoltern_stueberj,2017-06-06,3.0,1.46,92.0
katzensee_regensdorfzuerichaffoltern_stueberj,2017-07-05,4.0,1.397,88.0
katzensee_regensdorfzuerichaffoltern_stueberj,2017-08-09,5.0,1.159,73.0
katzensee_regensdorfzuerichaffoltern_stueberj,2017-08-15,6.0,1.159,73.0
katzensee_regensdorfzuerichaffoltern_stueberj,2017-09-07,7.0,1.365,86.0
katzensee_regensdorfzuerichaffoltern_stueberj,2017-10-05,8.0,1.937,122.0
katzensee_regensdorfzuerichaffoltern_stueberj,2017-11-06,9.0,1.476,93.0
katzensee_regensdorfzuerichaffoltern_stueberj,2017-12-08,10.0,1.0,63.0
katzensee_regensdorfzuerichaffoltern_stueberj,2018-01-09,11.0,1.651,104.0
katzensee_regensdorfzuerichaffoltern_stueberj,2018-02-10,12.0,1.333,84.0
lacléman_gland_kubela,2017-05-25,1.0,13.857,97.0
lacléman_gland_kubela,2017-06-28,2.0,6.857,48.0
lacléman_gland_kubela,2017-07-25,3.0,6.286,44.0
lacléman_gland_kubela,2017-08-29,4.0,4.0,28.0
lacléman_gland_kubela,2017-09-28,5.0,5.857,41.0
lacléman_gland_kubela,2017-10-26,6.0,1.0,7.0
lacléman_gland_kubela,2017-11-28,7.0,5.286,37.0
lacléman_gland_kubela,2017-12-16,8.0,2.714,19.0
lacléman_gland_kubela,2018-01-19,9.0,3.429,24.0
lacléman_gland_kubela,2018-02-19,10.0,0.714,5.0
Lacléman_Gland_LecoanetS,2017-07-11,1.0,0.576,49.0
Lacléman_Gland_LecoanetS,2017-08-07,2.0,1.282,109.0
Lacléman_Gland_LecoanetS,2017-09-12,3.0,0.776,66.0
Lacléman_Gland_LecoanetS,2017-10-10,4.0,0.812,69.0
Lacléman_Gland_LecoanetS,2017-11-17,5.0,1.024,87.0
Lacléman_Gland_LecoanetS,2017-12-16,6.0,0.318,27.0
Lacléman_Gland_LecoanetS,2018-01-19,7.0,0.247,21.0
Lacléman_Gland_LecoanetS,2018-02-19,8.0,0.118,10.0
LacLéman_La Tour-de-Peilz_bain des dames_Hammerdirt,2017-05-19,1.0,28.433,853.0
lacléman_vidy_santie,2017-05-02,1.0,11.741,317.0
lacléman_vidy_santie,2017-05-23,2.0,18.593,502.0
lacléman_vidy_santie,2017-06-16,3.0,13.704,370.0
lacléman_vidy_santie,2017-07-21,4.0,8.556,231.0
lacléman_vidy_santie,2017-08-25,5.0,10.074,272.0
lacléman_vidy_santie,2017-09-26,6.0,6.222,168.0
lacléman_vidy_santie,2017-10-24,7.0,4.0,108.0
lacléman_vidy_santie,2017-11-17,8.0,2.889,78.0
lacléman_vidy_santie,2017-12-26,9.0,3.333,90.0
lacléman_vidy_santie,2018-01-23,10.0,6.481,175.0
lacléman_vidy_santie,2018-02-26,11.0,7.667,207.0
langete_langenthal_geiserm,2017-04-24,1.0,4.357,61.0
langete_langenthal_geiserm,2017-05-24,2.0,1.929,27.0
langete_langenthal_geiserm,2017-06-22,3.0,2.0,28.0
langete_langenthal_geiserm,2017-07-24,4.0,5.714,80.0
langete_langenthal_geiserm,2017-08-21,5.0,2.071,29.0
langete_langenthal_geiserm,2017-09-21,6.0,1.214,17.0
langete_langenthal_geiserm,2017-10-25,7.0,0.857,12.0
langete_langenthal_geiserm,2017-11-22,8.0,1.571,22.0
langete_langenthal_geiserm,2017-12-15,9.0,,
langete_langenthal_geiserm,2018-01-30,10.0,1.357,19.0
langete_langenthal_geiserm,2018-02-27,11.0,1.714,24.0
limmat_dietikon_keiserp,2017-05-27,1.0,2.468,153.0
limmat_dietikon_keiserp,2017-06-26,2.0,3.79,235.0
limmat_dietikon_keiserp,2017-08-03,3.0,1.565,97.0
limmat_dietikon_keiserp,2017-09-30,4.0,0.581,36.0
limmat_dietikon_keiserp,2017-10-28,5.0,0.645,40.0
limmat_dietikon_keiserp,2017-11-27,6.0,0.5,31.0
limmat_dietikon_keiserp,2017-12-29,7.0,0.565,35.0
limmat_dietikon_keiserp,2018-01-29,8.0,0.806,50.0
Limmat_Unterengstringen_OggierBührer,2017-04-23,1.0,1.214,34.0
Limmat_Unterengstringen_OggierBührer,2017-05-09,2.0,0.929,26.0
Limmat_Unterengstringen_OggierBührer,2017-06-14,3.0,0.893,25.0
Limmat_Unterengstringen_OggierBührer,2017-07-15,4.0,1.179,33.0
Limmat_Unterengstringen_OggierBührer,2017-08-09,5.0,1.214,34.0
Limmat_Unterengstringen_OggierBührer,2017-09-24,6.0,0.607,17.0
Limmat_Unterengstringen_OggierBührer,2017-10-16,7.0,0.286,8.0
Limmat_Unterengstringen_OggierBührer,2017-11-30,8.0,0.107,3.0
Limmat_Unterengstringen_OggierBührer,2017-12-27,9.0,1.107,31.0
Limmat_Unterengstringen_OggierBührer,2018-01-19,10.0,0.821,23.0
Limmat_Unterengstringen_OggierBührer,2018-02-14,11.0,0.25,7.0
Limmat_Zuerich_JansenA,2017-04-13,1.0,0.593,32.0
Limmat_Zuerich_JansenA,2017-05-11,2.0,0.241,13.0
Limmat_Zuerich_JansenA,2017-06-15,3.0,0.815,44.0
Limmat_Zuerich_JansenA,2017-07-13,4.0,0.648,35.0
Limmat_Zuerich_JansenA,2017-08-17,5.0,1.204,65.0
Limmat_Zuerich_JansenA,2017-09-07,6.0,0.204,11.0
Limmat_Zuerich_JansenA,2017-10-11,7.0,0.148,8.0
Limmat_Zuerich_JansenA,2017-11-16,8.0,0.019,1.0
Limmat_Zuerich_JansenA,2017-12-14,9.0,0.13,7.0
Limmat_Zuerich_JansenA,2018-01-17,10.0,0.037,2.0
Limmat_Zuerich_JansenA,2018-02-13,11.0,0.0,0.0
limmat_zuerich_suterd&glauserp,2017-04-10,1.0,2.976,125.0
limmat_zuerich_suterd&glauserp,2017-05-16,2.0,0.524,22.0
limmat_zuerich_suterd&glauserp,2017-06-14,3.0,3.524,148.0
limmat_zuerich_suterd&glauserp,2017-07-12,4.0,4.69,197.0
limmat_zuerich_suterd&glauserp,2017-08-21,5.0,1.548,65.0
limmat_zuerich_suterd&glauserp,2017-09-26,6.0,0.571,24.0
limmat_zuerich_suterd&glauserp,2017-10-18,7.0,0.5,21.0
limmat_zuerich_suterd&glauserp,2017-11-23,8.0,0.238,10.0
limmat_zuerich_suterd&glauserp,2017-12-21,9.0,0.143,6.0
limmat_zuerich_suterd&glauserp,2018-01-31,10.0,0.024,1.0
limmat_zuerich_suterd&glauserp,2018-02-24,11.0,0.476,20.0
Limmat_Zuerich_WagnerC,2017-04-30,1.0,0.514,18.0
Limmat_Zuerich_WagnerC,2017-05-30,2.0,1.086,38.0
Limmat_Zuerich_WagnerC,2017-06-30,3.0,1.686,59.0
Limmat_Zuerich_WagnerC,2017-07-27,4.0,0.086,3.0
Limmat_Zuerich_WagnerC,2017-08-31,5.0,0.257,9.0
Limmat_Zuerich_WagnerC,2017-10-07,6.0,0.114,4.0
Limmat_Zuerich_WagnerC,2017-11-03,7.0,0.6,21.0
Limmat_Zuerich_WagnerC,2017-12-31,8.0,0.314,11.0
limmat_zürich_mortensena_meiera,2017-05-04,1.0,1.586,46.0
limmat_zürich_mortensena_meiera,2017-06-23,2.0,11.138,323.0
limmat_zürich_mortensena_meiera,2017-08-07,3.0,1.345,39.0
Lorze_Baar_BlarerE,2017-04-07,1.0,1.324,45.0
Lorze_Baar_BlarerE,2017-05-06,2.0,0.941,32.0
Lorze_Baar_BlarerE,2017-06-02,3.0,0.853,29.0
Lorze_Baar_BlarerE,2017-07-08,4.0,0.706,24.0
Lorze_Baar_BlarerE,2017-08-06,5.0,0.882,30.0
Lorze_Baar_BlarerE,2017-09-10,6.0,0.676,23.0
Lorze_Baar_BlarerE,2017-10-21,7.0,0.353,12.0
Lorze_Baar_BlarerE,2017-11-04,8.0,0.794,27.0
Lorze_Baar_BlarerE,2017-12-23,9.0,0.324,11.0
Lorze_Baar_BlarerE,2018-01-20,10.0,0.5,17.0
Lorze_Baar_BlarerE,2018-02-10,11.0,0.441,15.0
lötschebach_bern_scheurerk,2017-05-21,1.0,0.269,46.0
lötschebach_bern_scheurerk,2017-07-09,2.0,0.012,2.0
lötschebach_bern_scheurerk,2017-08-26,3.0,0.053,9.0
lötschebach_bern_scheurerk,2017-09-17,4.0,0.0,0.0
lötschebach_bern_scheurerk,2017-11-22,5.0,0.029,5.0
lötschebach_bern_scheurerk,2018-01-29,6.0,0.123,21.0
lötschebach_bern_scheurerk,2018-02-20,7.0,0.07,12.0
Mammern swisslitterreport,2017-04-08,1.0,0.24,90.0
Mammern swisslitterreport,2017-06-15,2.0,0.581,218.0
Mammern swisslitterreport,2017-07-24,3.0,0.32,120.0
Mammern swisslitterreport,2017-08-26,4.0,0.568,213.0
Mammern swisslitterreport,2017-10-30,5.0,0.149,56.0
Mammern swisslitterreport,2017-11-04,6.0,0.061,23.0
Mammern swisslitterreport,2018-01-01,7.0,0.035,13.0
Mammern swisslitterreport,2018-02-03,8.0,0.061,23.0
Murg_Waengi_StrickerR,2017-04-15,1.0,0.769,10.0
Murg_Waengi_StrickerR,2017-06-20,2.0,0.077,1.0
Murg_Waengi_StrickerR,2017-07-15,3.0,0.077,1.0
Murg_Waengi_StrickerR,2017-08-22,4.0,0.462,6.0
Murg_Waengi_StrickerR,2017-09-22,5.0,,
Murg_Waengi_StrickerR,2017-10-19,6.0,,
Murg_Waengi_StrickerR,2017-11-20,7.0,0.462,6.0
Murg_Waengi_StrickerR,2017-12-27,8.0,0.308,4.0
Murg_Waengi_StrickerR,2018-01-28,9.0,0.462,6.0
Murg_Waengi_StrickerR,2018-02-26,10.0,0.231,3.0
Neuenburgersee_Cudrefin_MatterA,2017-04-07,1.0,5.2,26.0
Neuenburgersee_Cudrefin_MatterA,2017-05-28,2.0,5.4,27.0
Neuenburgersee_Cudrefin_MatterA,2017-06-25,3.0,5.2,26.0
Neuenburgersee_Cudrefin_MatterA,2017-07-29,4.0,4.2,21.0
Neuenburgersee_Cudrefin_MatterA,2017-08-20,5.0,3.8,19.0
Neuenburgersee_Cudrefin_MatterA,2017-09-24,6.0,6.0,30.0
Neuenburgersee_Cudrefin_MatterA,2017-10-28,7.0,4.6,23.0
Neuenburgersee_Cudrefin_MatterA,2017-12-17,8.0,4.2,21.0
Ognonnaz-1,2017-05-03,1.0,2.872,135.0
Pfaffner_Rothrist_Ischik,2017-04-08,1.0,2.714,38.0
Pfaffner_Rothrist_Ischik,2017-05-30,2.0,1.143,16.0
Pfaffner_Rothrist_Ischik,2017-06-22,3.0,0.5,7.0
Pfaffner_Rothrist_Ischik,2017-07-17,4.0,0.357,5.0
Pfaffner_Rothrist_Ischik,2017-08-28,5.0,0.643,9.0
Pfaffner_Rothrist_Ischik,2017-09-24,6.0,0.286,4.0
Pfaffner_Rothrist_Ischik,2017-10-07,7.0,0.357,5.0
Pfaffner_Rothrist_Ischik,2017-11-24,8.0,0.5,7.0
Pfaffner_Rothrist_Ischik,2017-12-27,9.0,0.357,5.0
Reuss,2017-04-24,1.0,0.25,1.0
reuss_hünenberg_eberhardy,2017-04-10,1.0,1.607,45.0
reuss_hünenberg_eberhardy,2017-05-09,2.0,1.179,33.0
reuss_hünenberg_eberhardy,2017-06-12,3.0,1.214,34.0
reuss_hünenberg_eberhardy,2017-07-09,4.0,0.964,27.0
reuss_hünenberg_eberhardy,2017-08-23,5.0,1.536,43.0
reuss_hünenberg_eberhardy,2017-09-20,6.0,0.321,9.0
reuss_hünenberg_eberhardy,2017-10-31,7.0,0.357,10.0
reuss_hünenberg_eberhardy,2017-11-18,8.0,0.25,7.0
reuss_hünenberg_eberhardy,2017-12-31,9.0,0.821,23.0
reuss_hünenberg_eberhardy,2018-01-31,10.0,1.143,32.0
reuss_hünenberg_eberhardy,2018-02-26,11.0,0.214,6.0
reuss_ottenbach_schoenenbergerl,2017-04-27,1.0,1.818,20.0
reuss_ottenbach_schoenenbergerl,2017-05-28,2.0,3.364,37.0
reuss_ottenbach_schoenenbergerl,2017-06-24,3.0,4.091,45.0
reuss_ottenbach_schoenenbergerl,2017-07-30,4.0,3.818,42.0
reuss_ottenbach_schoenenbergerl,2017-08-27,5.0,2.364,26.0
reuss_ottenbach_schoenenbergerl,2017-09-25,6.0,0.909,10.0
reuss_ottenbach_schoenenbergerl,2017-10-29,7.0,0.545,6.0
reuss_ottenbach_schoenenbergerl,2017-11-26,8.0,0.273,3.0
reuss_ottenbach_schoenenbergerl,2017-12-31,9.0,0.727,8.0
reuss_ottenbach_schoenenbergerl,2018-01-28,10.0,1.0,11.0
reuss_ottenbach_schoenenbergerl,2018-02-25,11.0,0.636,7.0
Reuss_St.Karli_LinigerS/ImhofY,2017-04-30,1.0,8.714,122.0
Reuss_St.Karli_LinigerS/ImhofY,2017-05-04,2.0,1.214,17.0
Reuss_St.Karli_LinigerS/ImhofY,2017-07-07,3.0,3.357,47.0
Reuss_St.Karli_LinigerS/ImhofY,2017-10-06,4.0,2.0,28.0
Rhein_Basel,2017-05-04,1.0,3.0,174.0
Rhein_Basel,2017-05-24,2.0,1.569,91.0
Rhein_Basel,2017-06-01,3.0,3.397,197.0
Rhein_Basel,2017-07-31,4.0,4.31,250.0
Rhein_Basel,2017-08-30,5.0,3.655,212.0
Rhein_Basel_BlarerP_1,2017-04-22,1.0,7.579,288.0
Rhein_Basel_BlarerP_1,2017-05-29,2.0,5.737,218.0
Rhein_Basel_BlarerP_1,2017-06-21,3.0,3.947,150.0
Rhein_Basel_BlarerP_1,2017-07-26,4.0,6.237,237.0
Rhein_Basel_BlarerP_1,2017-08-30,5.0,4.842,184.0
Rhein_Basel_BlarerP_1,2017-09-28,6.0,3.5,133.0
Rhein_Basel_BlarerP_1,2017-10-27,7.0,2.368,90.0
Rhein_Basel_BlarerP_1,2017-11-24,8.0,1.632,62.0
Rhein_Basel_BlarerP_1,2017-12-16,9.0,1.658,63.0
Rhein_Basel_BlarerP_1,2018-01-21,10.0,1.263,48.0
Rhein_Basel_BlarerP_1,2018-02-26,11.0,0.816,31.0
Rhein_Basel_BlarerP_2,2017-04-22,1.0,11.379,330.0
Rhein_Basel_BlarerP_2,2017-05-29,2.0,9.31,270.0
Rhein_Basel_BlarerP_2,2017-06-21,3.0,7.103,206.0
Rhein_Basel_BlarerP_2,2017-07-26,4.0,21.241,616.0
Rhein_Basel_BlarerP_2,2017-08-30,5.0,20.345,590.0
Rhein_Basel_BlarerP_2,2017-09-28,6.0,9.345,271.0
Rhein_Basel_BlarerP_2,2017-10-27,7.0,11.069,321.0
Rhein_Basel_BlarerP_2,2017-11-24,8.0,6.828,198.0
Rhein_Basel_BlarerP_2,2017-12-16,9.0,5.069,147.0
Rhein_Basel_BlarerP_2,2018-01-21,10.0,8.793,255.0
Rhein_Basel_BlarerP_2,2018-02-26,11.0,4.862,141.0
Rhein_Basel_HungerbuehlerN,2017-04-23,1.0,0.576,19.0
Rhein_Basel_HungerbuehlerN,2017-05-21,2.0,0.121,4.0
Rhein_Basel_HungerbuehlerN,2017-06-30,3.0,0.061,2.0
Rhein_Basel_HungerbuehlerN,2017-07-30,4.0,0.0,0.0
Rhein_Basel_HungerbuehlerN,2017-08-27,5.0,0.091,3.0
Rhein_Basel_HungerbuehlerN,2017-09-27,6.0,0.212,7.0
Rhein_Basel_HungerbuehlerN,2017-10-29,7.0,0.152,5.0
Rhein_Basel_HungerbuehlerN,2017-11-26,8.0,0.03,1.0
Rhein_Basel_HungerbuehlerN,2017-12-31,9.0,0.0,0.0
Rhein_Basel_HungerbuehlerN,2018-01-29,10.0,0.0,0.0
Rhein_Basel_HungerbuehlerN,2018-02-27,11.0,0.0,0.0
Rhein_Beach near Tinguely Museum_Bolger. O_Sigrist F.,2017-04-22,1.0,14.21,2643.0
Rhein_Beach near Tinguely Museum_Bolger. O_Sigrist F.,2017-05-20,2.0,7.742,1440.0
Rhein_Beach near Tinguely Museum_Bolger. O_Sigrist F.,2017-06-24,3.0,24.898,4631.0
Rhein_Beach near Tinguely Museum_Bolger. O_Sigrist F.,2017-07-22,4.0,12.317,2291.0
Rhein_Beach near Tinguely Museum_Bolger. O_Sigrist F.,2017-08-19,5.0,8.07,1501.0
Rhein_Beach near Tinguely Museum_Bolger. O_Sigrist F.,2017-09-23,6.0,5.409,1006.0
Rhein_Beach near Tinguely Museum_Bolger. O_Sigrist F.,2017-10-21,7.0,5.602,1042.0
Rhein_Beach near Tinguely Museum_Bolger. O_Sigrist F.,2017-11-25,8.0,1.022,190.0
Rhein_Beach near Tinguely Museum_Bolger. O_Sigrist F.,2017-12-16,9.0,1.108,206.0
Rhein_Beach near Tinguely Museum_Bolger. O_Sigrist F.,2018-01-20,10.0,0.452,84.0
Rhein_Beach near Tinguely Museum_Bolger. O_Sigrist F.,2018-02-24,11.0,0.812,151.0
rhein_domatems_foppa_f,2017-04-10,1.0,0.476,20.0
rhein_domatems_foppa_f,2017-05-22,2.0,0.69,29.0
rhein_domatems_foppa_f,2017-06-25,3.0,1.024,43.0
rhein_domatems_foppa_f,2017-07-30,4.0,0.881,37.0
rhein_domatems_foppa_f,2017-09-25,5.0,0.381,16.0
rhein_domatems_foppa_f,2017-10-05,6.0,0.524,22.0
rhein_domatems_foppa_f,2017-11-23,7.0,0.571,24.0
rhein_eglisau_gomringerp,2017-04-12,1.0,0.833,5.0
rhein_eglisau_gomringerp,2017-05-22,2.0,0.5,3.0
rhein_eglisau_gomringerp,2017-06-27,3.0,3.5,21.0
rhein_eglisau_gomringerp,2017-07-23,4.0,3.333,20.0
rhein_eglisau_gomringerp,2017-08-30,5.0,2.167,13.0
rhein_eglisau_gomringerp,2017-10-25,6.0,2.167,13.0
rhein_eglisau_gomringerp,2017-11-30,7.0,0.5,3.0
rhein_eglisau_gomringerp,2017-12-31,8.0,0.167,1.0
rhein_eglisau_gomringerp,2018-02-28,9.0,1.833,11.0
Rhein_Hemishofen_StollL,2017-04-18,1.0,12.485,412.0
Rhein_Hemishofen_StollL,2017-05-05,2.0,0.273,9.0
Rhein_Hemishofen_StollL,2017-06-17,3.0,0.818,27.0
Rhein_Hemishofen_StollL,2017-07-23,4.0,0.697,23.0
Rhein_Hemishofen_StollL,2017-08-27,5.0,1.03,34.0
Rhein_Hemishofen_StollL,2017-09-30,6.0,0.182,6.0
Rhein_Hemishofen_StollL,2017-10-29,7.0,0.03,1.0
Rhein_Hemishofen_StollL,2017-11-30,8.0,0.152,5.0
Rhein_Hemishofen_StollL,2017-12-31,9.0,0.03,1.0
Rhein_Hemishofen_StollL,2018-01-30,10.0,0.091,3.0
Rhein_Hemishofen_StollL,2018-02-28,11.0,0.03,1.0
rhein_laag_jungbluthn,2017-05-06,1.0,0.061,10.0
rhein_laag_jungbluthn,2017-05-12,2.0,0.025,4.0
rhein_laag_jungbluthn,2017-06-01,3.0,0.049,8.0
rhein_laag_jungbluthn,2017-06-18,4.0,0.025,4.0
rhein_laag_jungbluthn,2017-06-25,5.0,0.006,1.0
rhein_laag_jungbluthn,2017-07-09,6.0,0.012,2.0
rhein_laag_jungbluthn,2017-07-22,7.0,0.025,4.0
rhein_laag_jungbluthn,2017-08-02,8.0,0.104,17.0
rhein_laag_jungbluthn,2017-08-20,9.0,0.012,2.0
rhein_laag_jungbluthn,2017-08-27,10.0,0.018,3.0
rhein_laag_jungbluthn,2017-09-10,11.0,0.018,3.0
rhein_laag_jungbluthn,2017-09-24,12.0,0.012,2.0
rhein_laag_jungbluthn,2017-09-27,13.0,0.012,2.0
rhein_laag_jungbluthn,2017-10-04,14.0,0.018,3.0
rhein_laag_jungbluthn,2017-10-21,15.0,0.006,1.0
rhein_laag_jungbluthn,2017-12-15,16.0,0.018,3.0
schiffenensee_duedingen_hirschij,2017-05-29,1.0,0.179,5.0
schiffenensee_duedingen_hirschij,2017-06-27,2.0,0.929,13.0
sempachersee_sempach_tampec,2017-04-22,1.0,66.562,1065.0
sempachersee_sempach_tampec,2017-05-25,2.0,59.125,946.0
sempachersee_sempach_tampec,2017-06-27,3.0,74.438,1191.0
sempachersee_sempach_tampec,2017-07-15,4.0,35.375,566.0
sempachersee_sempach_tampec,2017-08-15,5.0,23.188,371.0
sempachersee_sempach_tampec,2017-09-15,6.0,19.125,306.0
sempachersee_sempach_tampec,2017-10-28,7.0,17.625,282.0
sempachersee_sempach_tampec,2017-11-30,8.0,10.812,173.0
Sense_Törishaus_g-cubes,2017-04-24,1.0,3.049,125.0
Sense_Törishaus_g-cubes,2017-05-19,2.0,2.439,100.0
Sense_Törishaus_g-cubes,2017-07-18,3.0,1.61,66.0
Sense_Törishaus_g-cubes,2017-09-19,4.0,2.415,99.0
Sense_Törishaus_g-cubes,2017-10-20,5.0,2.707,111.0
Sense_Törishaus_g-cubes,2017-11-25,6.0,1.463,60.0
Sense_Törishaus_g-cubes,2018-01-16,7.0,1.0,41.0
Sihl_Adliswil_Oggi_Fort,2017-04-24,1.0,0.849,45.0
Sihl_Adliswil_Oggi_Fort,2017-05-12,2.0,1.019,54.0
Sihl_Adliswil_Oggi_Fort,2017-06-13,3.0,1.755,93.0
Sihl_Adliswil_Oggi_Fort,2017-07-24,4.0,1.208,64.0
Sihl_Adliswil_Oggi_Fort,2017-08-21,5.0,1.528,81.0
Sihl_Adliswil_Oggi_Fort,2017-09-18,6.0,0.698,37.0
Sihl_Adliswil_Oggi_Fort,2017-10-19,7.0,1.528,81.0
Sihl_Adliswil_Oggi_Fort,2017-11-29,8.0,2.094,111.0
Sihl_Adliswil_Oggi_Fort,2017-12-27,9.0,1.094,58.0
Sihl_Adliswil_Oggi_Fort,2018-01-26,10.0,1.509,80.0
Sihl_Adliswil_Oggi_Fort,2018-02-23,11.0,1.83,97.0
Sihl_Horgen_BucherF,2017-04-27,1.0,0.125,3.0
Sihl_Horgen_BucherF,2017-05-25,2.0,0.625,15.0
Sihl_Horgen_BucherF,2017-06-22,3.0,0.833,20.0
Sihl_Horgen_BucherF,2017-07-20,4.0,0.875,21.0
Sihl_Horgen_BucherF,2017-08-24,5.0,0.25,6.0
Sihl_Horgen_BucherF,2017-09-21,6.0,0.458,11.0
Sihl_Horgen_BucherF,2017-10-26,7.0,0.0,0.0
Sihl_Horgen_BucherF,2017-11-27,8.0,0.0,0.0
Sihl_Horgen_BucherF,2017-12-27,9.0,2.292,55.0
Sihl_Horgen_BucherF,2018-01-26,10.0,2.5,60.0
Sihl_Horgen_BucherF,2018-02-23,11.0,2.458,59.0
sihl_leimbach_kruegerm,2017-04-13,1.0,0.354,35.0
sihl_leimbach_kruegerm,2017-05-24,2.0,0.556,55.0
sihl_leimbach_kruegerm,2017-06-22,3.0,0.414,41.0
sihl_leimbach_kruegerm,2017-07-24,4.0,0.343,34.0
sihl_leimbach_kruegerm,2017-08-27,5.0,0.222,22.0
sihl_leimbach_kruegerm,2017-10-18,6.0,0.101,10.0
sihl_leimbach_kruegerm,2017-12-25,7.0,0.03,3.0
sihl_leimbach_kruegerm,2018-01-26,8.0,0.815,22.0
sihl_leimbach_kruegerm,2018-02-25,9.0,0.259,7.0
Sihl_Menzingen_Kucharska_Magdalena,2017-05-08,1.0,0.08,4.0
Sihl_Menzingen_Kucharska_Magdalena,2017-06-01,2.0,0.3,15.0
Sihl_Menzingen_Kucharska_Magdalena,2017-07-15,3.0,0.12,6.0
Sihl_Menzingen_Kucharska_Magdalena,2017-08-20,4.0,0.1,5.0
Sihl_Menzingen_Kucharska_Magdalena,2017-09-30,5.0,0.06,3.0
Sihl_Menzingen_Kucharska_Magdalena,2017-10-30,6.0,0.0,0.0
Sihl_Menzingen_Kucharska_Magdalena,2017-11-30,7.0,,
Sihl_Menzingen_Kucharska_Magdalena,2017-12-31,8.0,,
Sihl_Menzingen_Kucharska_Magdalena,2018-01-29,9.0,0.06,3.0
Sihl_Menzingen_Kucharska_Magdalena,2018-02-26,10.0,0.1,5.0
sihl_zuerich_eggerskoehlingera,2017-04-09,1.0,2.469,79.0
sihl_zuerich_eggerskoehlingera,2017-05-11,2.0,0.656,21.0
sihl_zuerich_eggerskoehlingera,2017-06-26,3.0,1.5,48.0
sihl_zuerich_eggerskoehlingera,2017-07-24,4.0,1.781,57.0
sihl_zuerich_eggerskoehlingera,2017-08-29,5.0,1.312,42.0
sihl_zuerich_eggerskoehlingera,2017-09-28,6.0,0.938,30.0
sihl_zuerich_eggerskoehlingera,2017-10-26,7.0,0.938,30.0
sihl_zuerich_eggerskoehlingera,2017-11-30,8.0,1.406,45.0
sihl_zuerich_eggerskoehlingera,2018-01-09,9.0,1.75,56.0
sihl_zuerich_eggerskoehlingera,2018-02-28,10.0,2.5,80.0
Sihl_zuerich_eichenbergerD,2017-06-23,1.0,0.17,8.0
Sihl_zuerich_eichenbergerD,2017-07-31,2.0,2.043,96.0
Sihl_zuerich_eichenbergerD,2017-08-27,3.0,0.128,6.0
Sihl_zuerich_eichenbergerD,2017-10-16,4.0,0.043,2.0
Sihl_zuerich_eichenbergerD,2017-11-29,5.0,0.106,5.0
Sihl_zuerich_eichenbergerD,2018-01-22,6.0,0.021,1.0
Sihl_Zuerich_ScherfS,2017-04-17,2.0,0.842,16.0
Sihl_Zuerich_ScherfS,2017-05-21,3.0,2.368,45.0
Sihl_Zuerich_ScherfS,2017-06-25,4.0,3.211,61.0
Sihl_Zuerich_ScherfS,2017-07-26,5.0,0.053,1.0
Sihl_Zuerich_ScherfS,2017-08-15,6.0,1.368,26.0
Sihl_Zuerich_ScherfS,2017-09-17,7.0,0.579,11.0
Sihl_Zuerich_ScherfS,2017-10-30,8.0,0.895,17.0
Sihl_Zuerich_ScherfS,2017-11-19,9.0,0.737,14.0
Sihl_Zuerich_ScherfS,2017-12-23,10.0,,
Sihl_Zuerich_ScherfS,2018-02-21,11.0,1.0,19.0
sihl_zürich_himmelhebern,2017-05-22,1.0,0.0,0.0
sihl_zürich_himmelhebern,2017-06-23,2.0,0.667,20.0
sihl_zürich_himmelhebern,2017-07-30,3.0,0.767,23.0
sihl_zürich_himmelhebern,2017-08-27,4.0,0.0,0.0
sihl_zürich_himmelhebern,2017-10-16,5.0,0.067,2.0
sihl_zürich_himmelhebern,2017-11-29,6.0,0.033,1.0
sihl_zürich_himmelhebern,2018-01-22,7.0,0.033,1.0
sihlsee_einsiedeln_schilligerllacherl,2017-04-23,1.0,1.621,107.0
sihlsee_einsiedeln_schilligerllacherl,2017-05-20,2.0,0.409,27.0
sihlsee_einsiedeln_schilligerllacherl,2017-06-18,3.0,0.333,22.0
sihlsee_einsiedeln_schilligerllacherl,2017-07-15,4.0,1.061,70.0
sihlsee_einsiedeln_schilligerllacherl,2017-08-13,5.0,0.106,7.0
sihlsee_einsiedeln_schilligerllacherl,2017-09-23,6.0,0.606,40.0
sihlsee_einsiedeln_schilligerllacherl,2017-10-28,7.0,0.318,21.0
sihlsee_einsiedeln_schilligerllacherl,2017-11-18,8.0,0.0,0.0
sihlsee_einsiedeln_schilligerllacherl,2017-12-16,9.0,0.0,0.0
sihlsee_einsiedeln_schilligerllacherl,2018-01-20,10.0,0.0,0.0
sihlsee_einsiedeln_schilligerllacherl,2018-02-23,11.0,0.0,0.0
sitter_gaiserwald_buehlerf,2017-04-14,1.0,16.643,233.0
sitter_gaiserwald_buehlerf,2017-05-29,2.0,14.214,199.0
sitter_gaiserwald_buehlerf,2017-06-26,3.0,11.5,161.0
sitter_gaiserwald_buehlerf,2017-07-10,4.0,10.286,144.0
sitter_gaiserwald_buehlerf,2017-08-21,5.0,16.357,229.0
sitter_gaiserwald_buehlerf,2017-09-28,6.0,7.929,111.0
sitter_gaiserwald_buehlerf,2017-10-20,7.0,7.071,99.0
sitter_gaiserwald_buehlerf,2017-11-27,8.0,5.857,82.0
sitter_gaiserwald_buehlerf,2017-12-27,9.0,8.286,116.0
sitter_gaiserwald_buehlerf,2018-01-28,10.0,5.929,83.0
Sitter_St.Gallen_JennyA,2017-04-09,1.0,2.0,78.0
Sitter_St.Gallen_JennyA,2017-05-28,2.0,0.923,36.0
Sitter_St.Gallen_JennyA,2017-06-25,3.0,2.923,114.0
Sitter_St.Gallen_JennyA,2017-07-22,4.0,1.59,62.0
Sitter_St.Gallen_JennyA,2017-08-13,5.0,1.154,45.0
Sitter_St.Gallen_JennyA,2017-09-28,6.0,1.538,60.0
Sitter_St.Gallen_JennyA,2017-10-28,7.0,0.359,14.0
Sitter_St.Gallen_JennyA,2017-12-31,8.0,0.974,38.0
Sitter_St.Gallen_JennyA,2018-01-28,9.0,3.641,142.0
sitter_stgallen_steinbrunnerf ,2017-04-12,1.0,2.209,95.0
sitter_stgallen_steinbrunnerf ,2017-05-03,2.0,0.372,16.0
sitter_stgallen_steinbrunnerf ,2017-07-05,3.0,0.093,4.0
sitter_stgallen_steinbrunnerf ,2017-08-23,4.0,0.326,14.0
sitter_stgallen_steinbrunnerf ,2017-10-25,5.0,0.349,15.0
sitter_stgallen_steinbrunnerf ,2017-11-15,6.0,0.721,31.0
sorne_birse_WWFJura,2017-04-09,1.0,2.312,37.0
sorne_birse_WWFJura,2017-05-09,2.0,1.75,28.0
sorne_birse_WWFJura,2017-06-27,3.0,5.812,93.0
thunersee_spiez_meierd_1,2017-04-16,1.0,1.379,40.0
thunersee_spiez_meierd_1,2017-05-14,2.0,0.552,16.0
thunersee_spiez_meierd_1,2017-06-26,3.0,1.448,42.0
thunersee_spiez_meierd_1,2017-07-17,4.0,2.897,84.0
thunersee_spiez_meierd_1,2017-08-28,5.0,1.483,43.0
thunersee_spiez_meierd_1,2017-09-27,6.0,0.379,11.0
thunersee_spiez_meierd_1,2017-10-19,7.0,0.483,14.0
thunersee_spiez_meierd_1,2017-11-26,8.0,0.483,14.0
thunersee_spiez_meierd_1,2017-12-30,9.0,0.414,12.0
thunersee_spiez_meierd_1,2018-01-15,10.0,0.345,10.0
thunersee_spiez_meierd_1,2018-02-15,11.0,0.379,11.0
Thur_Schoenenberg_SchaerA,2017-04-06,1.0,0.219,21.0
Thur_Schoenenberg_SchaerA,2017-04-08,2.0,0.104,10.0
Thur_Schoenenberg_SchaerA,2017-04-10,3.0,0.052,5.0
Thur_Schoenenberg_SchaerA,2017-04-13,4.0,0.229,22.0
Thur_Schoenenberg_SchaerA,2017-04-25,5.0,0.562,54.0
Thur_Schoenenberg_SchaerA,2017-05-01,6.0,0.104,10.0
Thur_Schoenenberg_SchaerA,2017-05-07,7.0,0.219,21.0
Thur_Schoenenberg_SchaerA,2017-05-13,8.0,0.146,14.0
Thur_Schoenenberg_SchaerA,2017-05-18,9.0,0.469,45.0
Thur_Schoenenberg_SchaerA,2017-05-22,10.0,0.146,14.0
Thur_Schoenenberg_SchaerA,2017-05-25,11.0,0.094,9.0
Thur_Schoenenberg_SchaerA,2017-05-27,12.0,0.406,39.0
Thur_Schoenenberg_SchaerA,2017-05-29,13.0,0.896,86.0
Thur_Schoenenberg_SchaerA,2017-06-01,14.0,0.562,54.0
Thur_Schoenenberg_SchaerA,2017-06-07,15.0,1.24,119.0
Thur_Schoenenberg_SchaerA,2017-06-11,16.0,1.125,108.0
Thur_Schoenenberg_SchaerA,2017-06-13,17.0,1.135,109.0
Thur_Schoenenberg_SchaerA,2017-06-15,18.0,0.667,64.0
Thur_Schoenenberg_SchaerA,2017-06-19,19.0,0.698,67.0
Thur_Schoenenberg_SchaerA,2017-06-22,20.0,1.042,100.0
Thur_Schoenenberg_SchaerA,2017-06-24,21.0,0.667,64.0
Thur_Schoenenberg_SchaerA,2017-06-26,22.0,0.573,55.0
Thur_Schoenenberg_SchaerA,2017-06-29,23.0,0.615,59.0
Thur_Schoenenberg_SchaerA,2017-07-02,24.0,0.469,45.0
Thur_Schoenenberg_SchaerA,2017-07-06,25.0,0.438,42.0
Thur_Schoenenberg_SchaerA,2017-07-09,26.0,0.615,59.0
Thur_Schoenenberg_SchaerA,2017-07-14,27.0,0.135,13.0
Thur_Schoenenberg_SchaerA,2017-07-19,28.0,0.531,51.0
Thur_Schoenenberg_SchaerA,2017-07-22,29.0,0.292,28.0
Thur_Schoenenberg_SchaerA,2017-07-26,30.0,0.115,11.0
Thur_Schoenenberg_SchaerA,2017-07-30,31.0,0.271,26.0
Thur_Schoenenberg_SchaerA,2017-08-02,32.0,1.073,103.0
Thur_Schoenenberg_SchaerA,2017-08-04,33.0,0.594,57.0
Thur_Schoenenberg_SchaerA,2017-08-06,34.0,0.531,51.0
Thur_Schoenenberg_SchaerA,2017-08-09,35.0,0.146,14.0
Thur_Schoenenberg_SchaerA,2017-08-14,36.0,0.344,33.0
Thur_Schoenenberg_SchaerA,2017-08-16,37.0,0.281,27.0
Thur_Schoenenberg_SchaerA,2017-08-19,38.0,0.125,12.0
Thur_Schoenenberg_SchaerA,2017-08-23,39.0,0.208,20.0
Thur_Schoenenberg_SchaerA,2017-08-27,40.0,0.177,17.0
Thur_Schoenenberg_SchaerA,2017-08-29,41.0,0.354,34.0
Thur_Schoenenberg_SchaerA,2017-08-31,42.0,0.646,62.0
Thur_Schoenenberg_SchaerA,2017-09-07,43.0,0.594,57.0
Thur_Schoenenberg_SchaerA,2017-09-14,44.0,0.312,30.0
Thur_Schoenenberg_SchaerA,2017-09-20,45.0,0.135,13.0
Thur_Schoenenberg_SchaerA,2017-09-25,46.0,0.188,18.0
Thur_Schoenenberg_SchaerA,2017-09-30,47.0,0.167,16.0
Thur_Schoenenberg_SchaerA,2017-10-27,48.0,0.271,26.0
Thur_Schoenenberg_SchaerA,2017-11-16,49.0,0.156,15.0
Thur_Schoenenberg_SchaerA,2017-11-28,50.0,0.073,7.0
Thur_Schoenenberg_SchaerA,2017-12-12,51.0,,
Thur_Schoenenberg_SchaerA,2017-12-30,52.0,0.219,21.0
Thur_Schoenenberg_SchaerA,2018-01-19,53.0,0.177,17.0
Thur_Schoenenberg_SchaerA,2018-01-31,54.0,0.615,59.0
Thur_Schoenenberg_SchaerA,2018-02-16,55.0,0.01,1.0
Thur_Schoenenberg_SchaerA,2018-02-25,56.0,0.448,43.0
thur_schwarzenbach_meiliw,2017-05-03,1.0,0.532,41.0
thur_schwarzenbach_meiliw,2017-06-09,2.0,0.701,54.0
thur_schwarzenbach_meiliw,2017-06-29,3.0,1.442,111.0
thur_schwarzenbach_meiliw,2017-07-30,4.0,0.844,65.0
thur_schwarzenbach_meiliw,2017-08-30,5.0,0.506,39.0
thur_schwarzenbach_meiliw,2017-09-30,6.0,0.156,12.0
thur_schwarzenbach_meiliw,2017-10-30,7.0,0.299,23.0
thur_schwarzenbach_meiliw,2017-11-30,8.0,0.221,17.0
thur_schwarzenbach_meiliw,2017-12-30,9.0,0.299,23.0
thur_schwarzenbach_meiliw,2018-01-30,10.0,0.636,49.0
Töss_Bauma_KurthE,2017-04-24,1.0,1.34,71.0
Töss_Bauma_KurthE,2017-05-28,2.0,0.377,20.0
Töss_Bauma_KurthE,2017-06-27,3.0,0.774,41.0
Töss_Bauma_KurthE,2017-08-07,4.0,0.132,7.0
Töss_Bauma_KurthE,2017-08-29,5.0,0.113,6.0
Töss_Bauma_KurthE,2017-09-28,6.0,0.17,9.0
töss_kollbrunn_bürgid,2017-04-29,1.0,0.846,88.0
töss_kollbrunn_bürgid,2017-05-28,2.0,0.538,56.0
töss_kollbrunn_bürgid,2017-06-30,3.0,0.462,48.0
töss_kollbrunn_bürgid,2017-07-21,4.0,0.231,24.0
töss_kollbrunn_bürgid,2017-08-30,5.0,0.106,11.0
töss_kollbrunn_bürgid,2017-09-29,6.0,0.096,10.0
Töss_Winterthur 2,2017-04-08,1.0,0.676,25.0
Töss_Winterthur 2,2017-05-13,2.0,0.054,2.0
Töss_Winterthur 2,2017-06-24,3.0,2.297,85.0
Töss_Winterthur 2,2017-08-05,4.0,1.405,52.0
Töss_Winterthur 2,2017-09-30,5.0,0.108,4.0
unterdsee_ermatingen_brunkem,2017-04-22,1.0,3.36,84.0
unterdsee_ermatingen_brunkem,2017-06-17,2.0,2.56,64.0
unterdsee_ermatingen_brunkem,2017-07-28,3.0,1.88,47.0
unterdsee_ermatingen_brunkem,2017-08-20,4.0,2.44,61.0
unterdsee_ermatingen_brunkem,2017-09-23,5.0,0.04,1.0
unterdsee_ermatingen_brunkem,2017-11-30,6.0,0.08,2.0
unterdsee_ermatingen_brunkem,2017-12-26,7.0,1.96,49.0
unterdsee_ermatingen_brunkem,2018-01-14,8.0,2.48,62.0
urnaesch_urnaesch_meierr,2017-04-12,1.0,1.0,35.0
urnaesch_urnaesch_meierr,2017-05-18,2.0,1.286,45.0
urnaesch_urnaesch_meierr,2017-06-16,3.0,0.514,18.0
urnaesch_urnaesch_meierr,2017-07-20,4.0,0.229,8.0
urnaesch_urnaesch_meierr,2017-08-15,5.0,0.257,9.0
urnaesch_urnaesch_meierr,2017-09-17,6.0,0.829,29.0
urnaesch_urnaesch_meierr,2017-10-15,7.0,0.371,13.0
urnaesch_urnaesch_meierr,2017-11-27,8.0,0.086,3.0
urnaesch_urnaesch_meierr,2018-01-12,9.0,0.486,17.0
vierwaldstättersee_weggis_schöberls_1,2017-04-03,1.0,0.304,7.0
vierwaldstättersee_weggis_schöberls_1,2017-05-02,2.0,0.261,6.0
vierwaldstättersee_weggis_schöberls_1,2017-06-02,3.0,0.043,1.0
vierwaldstättersee_weggis_schöberls_1,2017-07-09,4.0,0.174,4.0
vierwaldstättersee_weggis_schöberls_1,2017-08-19,5.0,0.348,8.0
vierwaldstättersee_weggis_schöberls_1,2017-09-10,6.0,0.087,2.0
vierwaldstättersee_weggis_schöberls_1,2017-10-19,7.0,0.217,5.0
vierwaldstättersee_weggis_schöberls_1,2017-11-04,8.0,0.043,1.0
vierwaldstättersee_weggis_schöberls_1,2017-12-27,9.0,0.087,2.0
vierwaldstättersee_weggis_schöberls_1,2018-01-27,10.0,0.217,5.0
vierwaldstättersee_weggis_schöberls_2,2017-04-03,1.0,0.382,26.0
vierwaldstättersee_weggis_schöberls_2,2017-05-02,2.0,1.456,99.0
vierwaldstättersee_weggis_schöberls_2,2017-06-02,3.0,0.0,0.0
vierwaldstättersee_weggis_schöberls_2,2017-07-09,4.0,1.397,95.0
vierwaldstättersee_weggis_schöberls_2,2017-08-19,5.0,1.015,69.0
vierwaldstättersee_weggis_schöberls_2,2017-09-10,6.0,1.088,74.0
vierwaldstättersee_weggis_schöberls_2,2017-10-19,7.0,0.559,38.0
vierwaldstättersee_weggis_schöberls_2,2017-11-04,8.0,0.441,30.0
vierwaldstättersee_weggis_schöberls_2,2017-12-27,9.0,0.603,41.0
vierwaldstättersee_weggis_schöberls_2,2018-01-27,10.0,0.706,48.0
vierwaldstättersee_weggis_schöberls_3,2017-04-03,1.0,1.209,81.0
vierwaldstättersee_weggis_schöberls_3,2017-05-02,2.0,0.896,60.0
vierwaldstättersee_weggis_schöberls_3,2017-06-02,3.0,0.537,36.0
vierwaldstättersee_weggis_schöberls_3,2017-07-09,4.0,0.507,34.0
vierwaldstättersee_weggis_schöberls_3,2017-08-19,5.0,0.866,58.0
vierwaldstättersee_weggis_schöberls_3,2017-09-10,6.0,0.433,29.0
vierwaldstättersee_weggis_schöberls_3,2017-10-19,7.0,0.358,24.0
vierwaldstättersee_weggis_schöberls_3,2017-11-04,8.0,0.194,13.0
vierwaldstättersee_weggis_schöberls_3,2017-12-27,9.0,0.567,38.0
vierwaldstättersee_weggis_schöberls_3,2018-01-27,10.0,0.403,27.0
vorderrhein_disentis_schmidn,2017-05-23,1.0,2.158,41.0
vorderrhein_disentis_schmidn,2017-06-29,2.0,1.053,20.0
vorderrhein_disentis_schmidn,2017-07-30,3.0,0.789,15.0
vorderrhein_disentis_schmidn,2017-08-30,4.0,0.316,6.0
vorderrhein_disentis_schmidn,2017-09-17,5.0,0.368,7.0
vorderrhein_disentis_schmidn,2017-10-31,6.0,0.158,3.0
vorderrhein_disentis_schmidn,2017-11-30,7.0,0.053,1.0
vorderrhein_disentis_schmidn,2017-12-30,8.0,,
vorderrhein_disentis_schmidn,2018-01-17,9.0,0.053,1.0
Walensee_Walenstadt_WyssE,2017-05-24,1.0,7.846,204.0
Walensee_Walenstadt_WyssE,2017-06-14,2.0,7.346,191.0
Walensee_Walenstadt_WyssE,2017-07-22,3.0,13.385,348.0
Walensee_Walenstadt_WyssE,2017-08-23,4.0,21.769,566.0
Walensee_Walenstadt_WyssE,2017-09-30,5.0,28.115,731.0
Walensee_Walenstadt_WyssE,2017-10-27,6.0,7.346,191.0
Walensee_Walenstadt_WyssE,2017-12-13,7.0,4.423,115.0
Walensee_Walenstadt_WyssE,2017-12-30,8.0,4.962,129.0
Walensee_Walenstadt_WyssE,2018-01-24,9.0,5.846,152.0
Walensee_Walenstadt_WyssE,2018-02-28,10.0,6.115,159.0
zuerichsee_maennedorf_vanderkaadene,2017-04-09,1.0,1.615,21.0
zuerichsee_maennedorf_vanderkaadene,2017-05-08,2.0,0.846,11.0
zuerichsee_maennedorf_vanderkaadene,2017-06-08,3.0,4.077,53.0
zuerichsee_maennedorf_vanderkaadene,2017-07-10,4.0,7.077,92.0
zuerichsee_maennedorf_vanderkaadene,2017-08-10,5.0,1.923,25.0
zuerichsee_maennedorf_vanderkaadene,2017-09-26,6.0,3.385,44.0
zuerichsee_maennedorf_vanderkaadene,2017-10-26,7.0,0.769,10.0
zuerichsee_maennedorf_vanderkaadene,2017-11-27,8.0,0.615,8.0
zuerichsee_maennedorf_vanderkaadene,2017-12-28,9.0,3.615,47.0
zuerichsee_maennedorf_vanderkaadene,2018-01-26,10.0,9.231,120.0
zuerichsee_maennedorf_vanderkaadene,2018-02-23,11.0,2.385,31.0
zuerichsee_richterswil_benkoem_2,2017-04-10,1.0,6.407,173.0
zuerichsee_richterswil_benkoem_2,2017-05-10,2.0,4.0,108.0
zuerichsee_richterswil_benkoem_2,2017-06-10,3.0,5.593,151.0
zuerichsee_richterswil_benkoem_2,2017-07-16,4.0,2.778,75.0
zuerichsee_richterswil_benkoem_2,2017-08-12,5.0,3.185,86.0
zuerichsee_richterswil_benkoem_2,2017-09-10,6.0,2.333,63.0
zuerichsee_richterswil_benkoem_2,2017-10-11,7.0,1.111,30.0
zuerichsee_richterswil_benkoem_2,2017-11-07,8.0,1.185,32.0
zuerichsee_richterswil_benkoem_2,2017-12-13,9.0,0.741,20.0
zuerichsee_richterswil_benkoem_2,2018-02-25,10.0,1.296,35.0
zuerichsee_staefa_hennm,2017-04-24,1.0,15.545,171.0
zuerichsee_staefa_hennm,2017-05-22,2.0,5.909,65.0
zuerichsee_staefa_hennm,2017-06-26,3.0,8.909,98.0
zuerichsee_staefa_hennm,2017-08-18,4.0,6.545,72.0
zuerichsee_staefa_hennm,2017-09-29,5.0,7.727,85.0
zuerichsee_staefa_hennm,2017-11-23,6.0,8.0,88.0
zuerichsee_staefa_hennm,2018-01-19,7.0,3.364,37.0
zuerichsee_waedenswil_colomboc_1,2017-04-10,1.0,2.857,40.0
zuerichsee_waedenswil_colomboc_1,2017-05-10,2.0,1.357,19.0
zuerichsee_waedenswil_colomboc_1,2017-06-10,3.0,3.286,46.0
zuerichsee_waedenswil_colomboc_1,2017-07-16,4.0,1.643,23.0
zuerichsee_waedenswil_colomboc_1,2017-08-12,5.0,2.5,35.0
zuerichsee_waedenswil_colomboc_1,2017-09-10,6.0,1.714,24.0
zuerichsee_waedenswil_colomboc_1,2017-10-11,7.0,0.857,12.0
zuerichsee_waedenswil_colomboc_1,2017-12-27,8.0,1.143,16.0
zuerichsee_waedenswil_colomboc_1,2018-02-26,9.0,2.714,38.0
zuerichsee_zurich_kullg,2017-04-15,1.0,4.849,257.0
zuerichsee_zurich_kullg,2017-05-30,2.0,12.925,685.0
zuerichsee_zurich_kullg,2017-06-27,3.0,12.887,683.0
zuerichsee_zurich_kullg,2017-07-28,4.0,18.981,1006.0
zuerichsee_zurich_kullg,2017-08-31,5.0,11.547,612.0
zuerichsee_zurich_kullg,2017-09-24,6.0,6.962,369.0
zuerichsee_zurich_kullg,2017-10-22,7.0,5.208,276.0
zuerichsee_zurich_kullg,2017-11-15,8.0,3.283,174.0
zuerichsee_zurich_kullg,2017-12-25,9.0,2.189,116.0
zuerichsee_zurich_kullg,2018-01-24,10.0,2.585,137.0
zuerichsee_zurich_kullg,2018-02-28,11.0,1.604,85.0
zugersee_Immensee_Guedesd,2017-04-30,1.0,8.095,170.0
zugersee_Immensee_Guedesd,2017-05-31,2.0,6.286,132.0
zugersee_Immensee_Guedesd,2017-06-30,3.0,7.429,156.0
zugersee_Immensee_Guedesd,2017-07-27,4.0,5.238,110.0
zugersee_Immensee_Guedesd,2017-08-31,5.0,7.048,148.0
zugersee_Immensee_Guedesd,2017-09-28,6.0,7.333,154.0
zugersee_Immensee_Guedesd,2017-10-27,7.0,6.857,144.0
zugersee_Immensee_Guedesd,2017-11-29,8.0,0.0,0.0
zugersee_Immensee_Guedesd,2018-01-30,9.0,8.286,174.0
ZugerseeCholler_Cham_BlarerM,2017-04-13,1.0,2.028,73.0
ZugerseeCholler_Cham_BlarerM,2017-05-12,2.0,1.639,59.0
ZugerseeCholler_Cham_BlarerM,2017-06-21,3.0,2.333,84.0
ZugerseeCholler_Cham_BlarerM,2017-07-11,4.0,2.75,99.0
ZugerseeCholler_Cham_BlarerM,2017-08-13,5.0,2.417,87.0
ZugerseeCholler_Cham_BlarerM,2017-09-10,6.0,2.778,100.0
ZugerseeCholler_Cham_BlarerM,2017-10-25,7.0,1.778,64.0
ZugerseeCholler_Cham_BlarerM,2017-11-07,8.0,0.583,21.0
ZugerseeCholler_Cham_BlarerM,2017-12-22,9.0,0.5,18.0
ZugerseeCholler_Cham_BlarerM,2018-01-13,10.0,0.917,33.0
ZugerseeCholler_Cham_BlarerM,2018-02-13,11.0,1.028,37.0
zulg_steffisburg_schmassmanne,2017-04-08,1.0,0.688,11.0
zulg_steffisburg_schmassmanne,2017-05-06,2.0,0.375,6.0
zulg_steffisburg_schmassmanne,2017-06-10,3.0,0.25,4.0
zulg_steffisburg_schmassmanne,2017-07-22,4.0,0.438,7.0
zulg_steffisburg_schmassmanne,2017-08-22,5.0,0.938,15.0
zulg_steffisburg_schmassmanne,2017-09-23,6.0,0.125,2.0
zulg_steffisburg_schmassmanne,2017-10-24,7.0,3.625,58.0
zulg_steffisburg_schmassmanne,2017-12-27,8.0,0.25,4.0
zulg_steffisburg_schmassmanne,2018-01-24,9.0,0.188,3.0
zulg_steffisburg_schmassmanne,2018-02-13,10.0,0.0,0.0
Zürichsee_Küsnachterhorn_Thirkell-WhiteJ,2017-04-17,1.0,6.214,87.0
Zürichsee_Küsnachterhorn_Thirkell-WhiteJ,2017-05-26,2.0,4.571,64.0
Zürichsee_Küsnachterhorn_Thirkell-WhiteJ,2017-06-18,3.0,9.0,126.0
Zürichsee_Küsnachterhorn_Thirkell-WhiteJ,2017-07-30,4.0,3.286,46.0
Zürichsee_Küsnachterhorn_Thirkell-WhiteJ,2017-10-22,5.0,3.643,51.0
Zürichsee_Küsnachterhorn_Thirkell-WhiteJ,2017-11-28,6.0,2.214,31.0
Zürichsee_Küsnachterhorn_Thirkell-WhiteJ,2017-12-10,7.0,1.357,19.0
Zürichsee_Küsnachterhorn_Thirkell-WhiteJ,2018-01-28,8.0,3.643,51.0
Zürichsee_Küsnachterhorn_Thirkell-WhiteJ,2018-02-28,9.0,2.143,30.0
zürichsee_wollishofen_langendorfm,2017-04-17,1.0,7.96,398.0
zürichsee_wollishofen_langendorfm,2017-05-16,2.0,5.36,268.0
zürichsee_wollishofen_langendorfm,2017-06-18,3.0,7.06,353.0
zürichsee_wollishofen_langendorfm,2017-07-28,4.0,3.0,150.0
zürichsee_wollishofen_langendorfm,2017-08-14,5.0,4.22,211.0
zürichsee_wollishofen_langendorfm,2017-09-21,6.0,3.6,180.0
zürichsee_wollishofen_langendorfm,2017-10-16,7.0,5.08,254.0
zürichsee_wollishofen_langendorfm,2017-11-20,8.0,2.82,141.0
zürichsee_wollishofen_langendorfm,2017-12-12,9.0,1.56,78.0
zürichsee_wollishofen_langendorfm,2018-01-19,10.0,1.56,78.0
zürichsee_wollishofen_langendorfm,2018-02-13,11.0,0.84,42.0
Zürichsee-Feldeggstr-BänningerSand,2017-04-19,1.0,1.723,174.0
Zürichsee-Feldeggstr-BänningerSand,2017-06-20,2.0,5.277,533.0
Zürichsee-Feldeggstr-BänningerSand,2017-07-20,3.0,2.822,285.0
Zürichsee-Feldeggstr-BänningerSand,2017-08-23,4.0,7.634,771.0
Zürichsee-Feldeggstr-BänningerSand,2017-09-27,5.0,5.356,541.0
Zürichsee-Feldeggstr-BänningerSand,2017-10-25,6.0,4.366,441.0
Zürichsee-Feldeggstr-BänningerSand,2017-11-29,7.0,1.109,112.0
Zürichsee-Feldeggstr-BänningerSand,2018-01-23,8.0,3.743,378.0
Zürichsee-Feldeggstr-BänningerSand,2018-02-24,9.0,3.129,316.0
